ds,y
02/10/2023 01:10,0.5531462433
02/10/2023 01:20,0.5607236080
02/10/2023 01:30,0.5607236080
02/10/2023 01:40,0.5398375555
02/10/2023 01:50,0.5249015325
02/10/2023 02:00,0.5248809681
02/10/2023 02:10,0.5279375803
02/10/2023 02:20,0.5556341289
02/10/2023 02:30,0.5533856275
02/10/2023 02:40,0.5454390705
02/10/2023 02:50,0.5454390705
02/10/2023 03:00,0.5426919980
02/10/2023 03:10,0.5415213827
02/10/2023 03:20,0.5375567221
02/10/2023 03:30,0.5106577965
02/10/2023 03:40,0.4903948858
02/10/2023 03:50,0.4929801115
02/10/2023 04:00,0.4919343311
02/10/2023 04:10,0.4941668479
02/10/2023 04:20,0.4917442754
02/10/2023 04:30,0.4917442754
02/10/2023 04:40,0.4993320869
02/10/2023 04:50,0.5144499726
02/10/2023 05:00,0.5185867690
02/10/2023 05:10,0.5100440566
02/10/2023 05:20,0.5100440566
02/10/2023 05:30,0.5062153583
02/10/2023 05:40,0.5062153583
02/10/2023 05:50,0.4964832020
02/10/2023 06:00,0.4964832020
02/10/2023 06:10,0.5034709385
02/10/2023 06:20,0.5034709385
02/10/2023 06:30,0.5100556196
02/10/2023 06:40,0.5100556196
02/10/2023 06:50,0.5001537570
02/10/2023 07:00,0.5001537570
02/10/2023 07:10,0.4954031246
02/10/2023 07:20,0.4909924135
02/10/2023 07:30,0.5120874598
02/10/2023 07:40,0.5171098181
02/10/2023 07:50,0.5034844374
02/10/2023 08:00,0.5034844374
02/10/2023 08:10,0.5066919962
02/10/2023 08:20,0.5068443168
02/10/2023 08:30,0.5109312688
02/10/2023 08:40,0.5113155788
02/10/2023 08:50,0.5107665248
02/10/2023 09:00,0.5067516154
02/10/2023 09:10,0.5067516154
02/10/2023 09:20,0.5072555356
02/10/2023 09:30,0.5012550588
02/10/2023 09:40,0.5012550588
02/10/2023 09:50,0.5026461635
02/10/2023 10:00,0.5025433319
02/10/2023 10:10,0.5053973816
02/10/2023 10:20,0.5106003937
02/10/2023 10:30,0.4895302047
02/10/2023 10:40,0.4883494183
02/10/2023 10:50,0.4865181294
02/10/2023 11:00,0.4891423981
02/10/2023 11:10,0.4960089906
02/10/2023 11:20,0.4990322248
02/10/2023 11:30,0.4949579612
02/10/2023 11:40,0.4928050572
02/10/2023 11:50,0.4941726689
02/10/2023 12:00,0.4935991237
02/10/2023 12:10,0.4923059833
02/10/2023 12:20,0.4930957763
02/10/2023 12:30,0.4923026953
02/10/2023 12:40,0.4920706894
02/10/2023 12:50,0.4952343070
02/10/2023 13:00,0.4956758734
02/10/2023 13:10,0.4956758734
02/10/2023 13:20,0.4970538145
02/10/2023 13:30,0.4940669511
02/10/2023 13:40,0.4919522215
02/10/2023 13:50,0.4943401985
02/10/2023 14:00,0.4973025059
02/10/2023 14:10,0.4975530739
02/10/2023 14:20,0.4983657334
02/10/2023 14:30,0.4996081024
02/10/2023 14:40,0.4993708032
02/10/2023 14:50,0.4989756159
02/10/2023 15:00,0.5037313136
02/10/2023 15:10,0.4993921361
02/10/2023 15:20,0.5014473725
02/10/2023 15:30,0.5027461805
02/10/2023 15:40,0.5102162800
02/10/2023 15:50,0.5102162800
02/10/2023 16:00,0.5149460296
02/10/2023 16:10,0.5146195509
02/10/2023 16:20,0.5123541929
02/10/2023 16:30,0.5123541929
02/10/2023 16:40,0.5078095824
02/10/2023 16:50,0.5047156414
02/10/2023 17:00,0.5047156414
02/10/2023 17:10,0.5056188252
02/10/2023 17:20,0.4966835839
02/10/2023 17:30,0.4966835839
02/10/2023 17:40,0.4971735637
02/10/2023 17:50,0.4987191305
02/10/2023 18:00,0.4984421959
02/10/2023 18:10,0.5008705782
02/10/2023 18:20,0.4930546593
02/10/2023 18:30,0.4930546593
02/10/2023 18:40,0.4962174732
02/10/2023 18:50,0.4805224958
02/10/2023 19:00,0.4770939017
02/10/2023 19:10,0.4768461298
02/10/2023 19:20,0.4773542952
02/10/2023 19:30,0.4755007646
02/10/2023 19:40,0.4740834816
02/10/2023 19:50,0.4740834816
02/10/2023 20:00,0.4731689761
02/10/2023 20:10,0.4764584409
02/10/2023 20:20,0.4625113847
02/10/2023 20:30,0.4626899193
02/10/2023 20:40,0.4610730295
02/10/2023 20:50,0.4615256239
02/10/2023 21:00,0.4631332751
02/10/2023 21:10,0.4632423984
02/10/2023 21:20,0.4679417046
02/10/2023 21:30,0.4722093099
02/10/2023 21:40,0.4722093099
02/10/2023 21:50,0.4804363809
02/10/2023 22:00,0.4818602876
02/10/2023 22:10,0.4789783025
02/10/2023 22:20,0.4782095901
02/10/2023 22:30,0.4787455751
02/10/2023 22:40,0.4879333784
02/10/2023 22:50,0.4943591695
02/10/2023 23:00,0.5124159770
02/10/2023 23:10,0.5110863402
02/10/2023 23:20,0.5110863402
02/10/2023 23:30,0.5093005714
02/10/2023 23:40,0.5040187344
02/10/2023 23:50,0.4953901556
02/11/2023 00:00,0.4934683657
02/11/2023 00:10,0.4947936118
02/11/2023 00:20,0.5156461215
02/11/2023 00:30,0.5125011880
02/11/2023 00:40,0.5165477527
02/11/2023 00:50,0.5196786348
02/11/2023 01:00,0.5195206040
02/11/2023 01:10,0.5214187388
02/11/2023 01:20,0.5213350814
02/11/2023 01:30,0.5194630384
02/11/2023 01:40,0.5220101766
02/11/2023 01:50,0.5224573550
02/11/2023 02:00,0.5244455275
02/11/2023 02:10,0.5307494790
02/11/2023 02:20,0.5307494790
02/11/2023 02:30,0.5286868783
02/11/2023 02:40,0.5288195550
02/11/2023 02:50,0.5250523118
02/11/2023 03:00,0.5292378069
02/11/2023 03:10,0.5342238639
02/11/2023 03:20,0.5342238639
02/11/2023 03:30,0.5347779322
02/11/2023 03:40,0.5346854920
02/11/2023 03:50,0.5380485970
02/11/2023 04:00,0.5344155143
02/11/2023 04:10,0.5390425470
02/11/2023 04:20,0.5310345719
02/11/2023 04:30,0.5310345719
02/11/2023 04:40,0.5329015422
02/11/2023 04:50,0.5091763616
02/11/2023 05:00,0.5218616563
02/11/2023 05:10,0.5234290394
02/11/2023 05:20,0.5254018011
02/11/2023 05:30,0.5248601651
02/11/2023 05:40,0.5079769499
02/11/2023 05:50,0.5057967819
02/11/2023 06:00,0.5045851229
02/11/2023 06:10,0.5080127433
02/11/2023 06:20,0.5090275843
02/11/2023 06:30,0.5077184171
02/11/2023 06:40,0.5084019909
02/11/2023 06:50,0.5101881384
02/11/2023 07:00,0.5074384928
02/11/2023 07:10,0.5072430312
02/11/2023 07:20,0.5079477516
02/11/2023 07:30,0.5096083393
02/11/2023 07:40,0.5096083393
02/11/2023 07:50,0.5115966703
02/11/2023 08:00,0.5150633134
02/11/2023 08:10,0.5119991979
02/11/2023 08:20,0.5124585986
02/11/2023 08:30,0.5112559460
02/11/2023 08:40,0.5161599331
02/11/2023 08:50,0.5142320700
02/11/2023 09:00,0.5147316450
02/11/2023 09:10,0.5142688108
02/11/2023 09:20,0.5210572749
02/11/2023 09:30,0.5210572749
02/11/2023 09:40,0.5211524269
02/11/2023 09:50,0.5234031582
02/11/2023 10:00,0.5212358004
02/11/2023 10:10,0.5287450793
02/11/2023 10:20,0.5354335431
02/11/2023 10:30,0.5264834941
02/11/2023 10:40,0.5255989733
02/11/2023 10:50,0.5255989733
02/11/2023 11:00,0.5302278031
02/11/2023 11:10,0.5261099651
02/11/2023 11:20,0.5458323389
02/11/2023 11:30,0.5472404820
02/11/2023 11:40,0.5465163397
02/11/2023 11:50,0.5423297613
02/11/2023 12:00,0.5423297613
02/11/2023 12:10,0.5405429912
02/11/2023 12:20,0.5405429912
02/11/2023 12:30,0.5401150898
02/11/2023 12:40,0.5477678786
02/11/2023 12:50,0.5539280909
02/11/2023 13:00,0.5539280909
02/11/2023 13:10,0.5313659874
02/11/2023 13:20,0.5264489168
02/11/2023 13:30,0.5264489168
02/11/2023 13:40,0.5289027771
02/11/2023 13:50,0.5291546007
02/11/2023 14:00,0.5279332027
02/11/2023 14:10,0.5279332027
02/11/2023 14:20,0.5280663062
02/11/2023 14:30,0.5275358560
02/11/2023 14:40,0.5287454743
02/11/2023 14:50,0.5241526669
02/11/2023 15:00,0.5246942315
02/11/2023 15:10,0.5287637433
02/11/2023 15:20,0.5251902240
02/11/2023 15:30,0.5247293467
02/11/2023 15:40,0.5215742789
02/11/2023 15:50,0.5224378232
02/11/2023 16:00,0.5277920441
02/11/2023 16:10,0.5269917524
02/11/2023 16:20,0.5269917524
02/11/2023 16:30,0.5321597663
02/11/2023 16:40,0.5339762705
02/11/2023 16:50,0.5290413773
02/11/2023 17:00,0.5304223002
02/11/2023 17:10,0.5370260748
02/11/2023 17:20,0.5370260748
02/11/2023 17:30,0.5414378094
02/11/2023 17:40,0.5406705244
02/11/2023 17:50,0.5400006899
02/11/2023 18:00,0.5388194955
02/11/2023 18:10,0.5389222159
02/11/2023 18:20,0.5399383793
02/11/2023 18:30,0.5390612728
02/11/2023 18:40,0.5399028605
02/11/2023 18:50,0.5389458143
02/11/2023 19:00,0.5385913538
02/11/2023 19:10,0.5383959000
02/11/2023 19:20,0.5339882333
02/11/2023 19:30,0.5327881998
02/11/2023 19:40,0.5329655333
02/11/2023 19:50,0.5360743569
02/11/2023 20:00,0.5360743569
02/11/2023 20:10,0.5364493357
02/11/2023 20:20,0.5354890603
02/11/2023 20:30,0.5367739346
02/11/2023 20:40,0.5348173725
02/11/2023 20:50,0.5363279488
02/11/2023 21:00,0.5347270247
02/11/2023 21:10,0.5363477071
02/11/2023 21:20,0.5356816461
02/11/2023 21:30,0.5368833885
02/11/2023 21:40,0.5363004500
02/11/2023 21:50,0.5367421397
02/11/2023 22:00,0.5371371589
02/11/2023 22:10,0.5370087292
02/11/2023 22:20,0.5344296295
02/11/2023 22:30,0.5359616512
02/11/2023 22:40,0.5384361073
02/11/2023 22:50,0.5383341335
02/11/2023 23:00,0.5337945475
02/11/2023 23:10,0.5337945475
02/11/2023 23:20,0.5330100619
02/11/2023 23:30,0.5340640932
02/11/2023 23:40,0.5327069683
02/11/2023 23:50,0.5321619190
02/12/2023 00:00,0.5394801259
02/12/2023 00:10,0.5394801259
02/12/2023 00:20,0.5379201473
02/12/2023 00:30,0.5367992688
02/12/2023 00:40,0.5204605992
02/12/2023 00:50,0.5240550818
02/12/2023 01:00,0.5243374572
02/12/2023 01:10,0.5248494076
02/12/2023 01:20,0.5107743929
02/12/2023 01:30,0.5107049132
02/12/2023 01:40,0.5131448418
02/12/2023 01:50,0.5121836862
02/12/2023 02:00,0.5098042641
02/12/2023 02:10,0.5098042641
02/12/2023 02:20,0.5115770157
02/12/2023 02:30,0.5045575547
02/12/2023 02:40,0.5045575547
02/12/2023 02:50,0.5048569230
02/12/2023 03:00,0.5025677764
02/12/2023 03:10,0.4996820121
02/12/2023 03:20,0.4951154703
02/12/2023 03:30,0.5006560441
02/12/2023 03:40,0.5006560441
02/12/2023 03:50,0.5017782358
02/12/2023 04:00,0.5045936390
02/12/2023 04:10,0.5045936390
02/12/2023 04:20,0.5040979345
02/12/2023 04:30,0.5065615871
02/12/2023 04:40,0.5128084419
02/12/2023 04:50,0.5128084419
02/12/2023 05:00,0.5120202152
02/12/2023 05:10,0.5075437539
02/12/2023 05:20,0.5075437539
02/12/2023 05:30,0.5098214585
02/12/2023 05:40,0.5111024237
02/12/2023 05:50,0.5149994127
02/12/2023 06:00,0.5133403680
02/12/2023 06:10,0.5142858963
02/12/2023 06:20,0.5146828803
02/12/2023 06:30,0.5149221159
02/12/2023 06:40,0.5132353304
02/12/2023 06:50,0.5132353304
02/12/2023 07:00,0.5217607359
02/12/2023 07:10,0.5217607359
02/12/2023 07:20,0.5224720043
02/12/2023 07:30,0.5230630446
02/12/2023 07:40,0.5238985405
02/12/2023 07:50,0.5231576886
02/12/2023 08:00,0.5222905372
02/12/2023 08:10,0.5225421896
02/12/2023 08:20,0.5200066785
02/12/2023 08:30,0.5198409130
02/12/2023 08:40,0.5207261476
02/12/2023 08:50,0.5186234499
02/12/2023 09:00,0.5175446108
02/12/2023 09:10,0.5186676911
02/12/2023 09:20,0.5154174725
02/12/2023 09:30,0.5141742712
02/12/2023 09:40,0.5153912938
02/12/2023 09:50,0.5156415906
02/12/2023 10:00,0.5202731242
02/12/2023 10:10,0.5210997505
02/12/2023 10:20,0.5179330130
02/12/2023 10:30,0.5180837182
02/12/2023 10:40,0.5188635953
02/12/2023 10:50,0.5188319407
02/12/2023 11:00,0.5198115695
02/12/2023 11:10,0.5178792962
02/12/2023 11:20,0.5174080131
02/12/2023 11:30,0.5173100358
02/12/2023 11:40,0.5173710118
02/12/2023 11:50,0.5193147512
02/12/2023 12:00,0.5186407321
02/12/2023 12:10,0.5164448565
02/12/2023 12:20,0.5130197603
02/12/2023 12:30,0.4992687782
02/12/2023 12:40,0.4985895797
02/12/2023 12:50,0.4983561139
02/12/2023 13:00,0.4994078312
02/12/2023 13:10,0.5001261811
02/12/2023 13:20,0.4956707115
02/12/2023 13:30,0.5005353136
02/12/2023 13:40,0.5002193583
02/12/2023 13:50,0.4921406877
02/12/2023 14:00,0.4911052477
02/12/2023 14:10,0.4911052477
02/12/2023 14:20,0.4867998174
02/12/2023 14:30,0.4867998174
02/12/2023 14:40,0.4823629268
02/12/2023 14:50,0.4817999452
02/12/2023 15:00,0.4807680368
02/12/2023 15:10,0.4816149128
02/12/2023 15:20,0.4811932632
02/12/2023 15:30,0.4810259366
02/12/2023 15:40,0.4766669425
02/12/2023 15:50,0.4766669425
02/12/2023 16:00,0.4769395649
02/12/2023 16:10,0.4768200823
02/12/2023 16:20,0.4773962646
02/12/2023 16:30,0.4821541826
02/12/2023 16:40,0.4819542066
02/12/2023 16:50,0.4872573857
02/12/2023 17:00,0.4872573857
02/12/2023 17:10,0.4912405005
02/12/2023 17:20,0.4938943482
02/12/2023 17:30,0.4944726971
02/12/2023 17:40,0.4964930058
02/12/2023 17:50,0.4950664770
02/12/2023 18:00,0.4960479065
02/12/2023 18:10,0.4949471726
02/12/2023 18:20,0.4931579676
02/12/2023 18:30,0.4950347175
02/12/2023 18:40,0.4959076030
02/12/2023 18:50,0.4942467687
02/12/2023 19:00,0.4964930463
02/12/2023 19:10,0.4949792347
02/12/2023 19:20,0.4956002279
02/12/2023 19:30,0.4953767256
02/12/2023 19:40,0.4963772510
02/12/2023 19:50,0.4957195301
02/12/2023 20:00,0.4978355291
02/12/2023 20:10,0.4969591168
02/12/2023 20:20,0.4977246031
02/12/2023 20:30,0.4967025028
02/12/2023 20:40,0.4997135319
02/12/2023 20:50,0.4978010165
02/12/2023 21:00,0.4976096454
02/12/2023 21:10,0.4969050733
02/12/2023 21:20,0.4935141128
02/12/2023 21:30,0.4978080957
02/12/2023 21:40,0.4978080957
02/12/2023 21:50,0.4991577758
02/12/2023 22:00,0.4994131754
02/12/2023 22:10,0.5003042418
02/12/2023 22:20,0.5001872246
02/12/2023 22:30,0.5021267586
02/12/2023 22:40,0.5021267586
02/12/2023 22:50,0.5084832913
02/12/2023 23:00,0.5155761443
02/12/2023 23:10,0.5192426176
02/12/2023 23:20,0.5209857683
02/12/2023 23:30,0.5163102234
02/12/2023 23:40,0.5165806630
02/12/2023 23:50,0.5164577728
02/13/2023 00:00,0.5161794326
02/13/2023 00:10,0.5206760221
02/13/2023 00:20,0.5271012914
02/13/2023 00:30,0.5271012914
02/13/2023 00:40,0.5350897425
02/13/2023 00:50,0.5597658177
02/13/2023 01:00,0.5644790501
02/13/2023 01:10,0.5651369291
02/13/2023 01:20,0.5706282098
02/13/2023 01:30,0.5714647722
02/13/2023 01:40,0.5706786458
02/13/2023 01:50,0.5618932282
02/13/2023 02:00,0.5572909094
02/13/2023 02:10,0.5396268159
02/13/2023 02:20,0.5481464807
02/13/2023 02:30,0.5481464807
02/13/2023 02:40,0.5514624512
02/13/2023 02:50,0.5557934532
02/13/2023 03:00,0.5557934532
02/13/2023 03:10,0.5577227710
02/13/2023 03:20,0.5572357646
02/13/2023 03:30,0.5623089128
02/13/2023 03:40,0.5610779460
02/13/2023 03:50,0.5616861283
02/13/2023 04:00,0.5635955020
02/13/2023 04:10,0.5617287450
02/13/2023 04:20,0.5636007322
02/13/2023 04:30,0.5658103461
02/13/2023 04:40,0.5638537073
02/13/2023 04:50,0.5620873311
02/13/2023 05:00,0.5620873311
02/13/2023 05:10,0.5538796311
02/13/2023 05:20,0.5538796311
02/13/2023 05:30,0.5496587765
02/13/2023 05:40,0.5542988256
02/13/2023 05:50,0.5416070396
02/13/2023 06:00,0.5378579331
02/13/2023 06:10,0.5349524391
02/13/2023 06:20,0.5365716149
02/13/2023 06:30,0.5321529198
02/13/2023 06:40,0.5321529198
02/13/2023 06:50,0.5373864583
02/13/2023 07:00,0.5374517413
02/13/2023 07:10,0.5376274691
02/13/2023 07:20,0.5328657158
02/13/2023 07:30,0.5326040496
02/13/2023 07:40,0.5417781578
02/13/2023 07:50,0.5417781578
02/13/2023 08:00,0.5408487438
02/13/2023 08:10,0.5416684987
02/13/2023 08:20,0.5409670040
02/13/2023 08:30,0.5404413160
02/13/2023 08:40,0.5386257727
02/13/2023 08:50,0.5429757736
02/13/2023 09:00,0.5417495846
02/13/2023 09:10,0.5397183532
02/13/2023 09:20,0.5381814053
02/13/2023 09:30,0.5347005748
02/13/2023 09:40,0.5309458684
02/13/2023 09:50,0.5260419313
02/13/2023 10:00,0.5213672108
02/13/2023 10:10,0.5248240698
02/13/2023 10:20,0.5259427889
02/13/2023 10:30,0.5237394710
02/13/2023 10:40,0.4988697611
02/13/2023 10:50,0.5000149285
02/13/2023 11:00,0.5027080294
02/13/2023 11:10,0.5035404021
02/13/2023 11:20,0.5034220279
02/13/2023 11:30,0.5001566557
02/13/2023 11:40,0.5018821199
02/13/2023 11:50,0.4930476637
02/13/2023 12:00,0.4930476637
02/13/2023 12:10,0.4963582583
02/13/2023 12:20,0.4961802383
02/13/2023 12:30,0.4969768433
02/13/2023 12:40,0.4923583678
02/13/2023 12:50,0.4924825939
02/13/2023 13:00,0.4926995522
02/13/2023 13:10,0.4959010671
02/13/2023 13:20,0.4948731518
02/13/2023 13:30,0.4956340380
02/13/2023 13:40,0.4944983285
02/13/2023 13:50,0.4943208133
02/13/2023 14:00,0.4943909056
02/13/2023 14:10,0.4951748012
02/13/2023 14:20,0.4958666811
02/13/2023 14:30,0.4952097027
02/13/2023 14:40,0.4988606112
02/13/2023 14:50,0.4955911214
02/13/2023 15:00,0.5004689057
02/13/2023 15:10,0.5016725532
02/13/2023 15:20,0.4976249284
02/13/2023 15:30,0.5011507526
02/13/2023 15:40,0.5011507526
02/13/2023 15:50,0.5044942901
02/13/2023 16:00,0.5019737709
02/13/2023 16:10,0.5056704765
02/13/2023 16:20,0.5038294772
02/13/2023 16:30,0.4994881221
02/13/2023 16:40,0.4959451967
02/13/2023 16:50,0.4959451967
02/13/2023 17:00,0.4970749776
02/13/2023 17:10,0.4957393402
02/13/2023 17:20,0.4933338998
02/13/2023 17:30,0.4755113570
02/13/2023 17:40,0.4757278638
02/13/2023 17:50,0.4792411677
02/13/2023 18:00,0.4792411677
02/13/2023 18:10,0.4738637230
02/13/2023 18:20,0.4693960515
02/13/2023 18:30,0.4669441028
02/13/2023 18:40,0.4654970770
02/13/2023 18:50,0.4688200578
02/13/2023 19:00,0.4680183170
02/13/2023 19:10,0.4647570686
02/13/2023 19:20,0.4570812637
02/13/2023 19:30,0.4570812637
02/13/2023 19:40,0.4644833371
02/13/2023 19:50,0.4644833371
02/13/2023 20:00,0.4631057543
02/13/2023 20:10,0.4627739783
02/13/2023 20:20,0.4680053924
02/13/2023 20:30,0.4680053924
02/13/2023 20:40,0.4720991052
02/13/2023 20:50,0.4686521700
02/13/2023 21:00,0.4720659702
02/13/2023 21:10,0.4685797699
02/13/2023 21:20,0.4660612590
02/13/2023 21:30,0.4680176097
02/13/2023 21:40,0.4683597715
02/13/2023 21:50,0.4692613686
02/13/2023 22:00,0.4692613686
02/13/2023 22:10,0.4728484424
02/13/2023 22:20,0.4721081060
02/13/2023 22:30,0.4662475043
02/13/2023 22:40,0.4649469959
02/13/2023 22:50,0.4649469959
02/13/2023 23:00,0.4694867082
02/13/2023 23:10,0.4748923866
02/13/2023 23:20,0.4748923866
02/13/2023 23:30,0.4709637857
02/13/2023 23:40,0.4677755158
02/13/2023 23:50,0.4670181557
02/14/2023 00:00,0.4807860933
02/14/2023 00:10,0.4795094827
02/14/2023 00:20,0.4831230646
02/14/2023 00:30,0.4745557730
02/14/2023 00:40,0.4745557730
02/14/2023 00:50,0.4771931276
02/14/2023 01:00,0.4749117259
02/14/2023 01:10,0.4898808645
02/14/2023 01:20,0.4855382285
02/14/2023 01:30,0.4847008254
02/14/2023 01:40,0.4901086983
02/14/2023 01:50,0.4901086983
02/14/2023 02:00,0.4864490694
02/14/2023 02:10,0.4864490694
02/14/2023 02:20,0.4865830889
02/14/2023 02:30,0.4876429821
02/14/2023 02:40,0.4974422620
02/14/2023 02:50,0.4988376730
02/14/2023 03:00,0.4973057696
02/14/2023 03:10,0.4978853485
02/14/2023 03:20,0.4979257488
02/14/2023 03:30,0.5018233240
02/14/2023 03:40,0.4993979375
02/14/2023 03:50,0.4984761070
02/14/2023 04:00,0.4984761070
02/14/2023 04:10,0.4961460209
02/14/2023 04:20,0.4929287281
02/14/2023 04:30,0.4948099568
02/14/2023 04:40,0.4949307737
02/14/2023 04:50,0.4924168422
02/14/2023 05:00,0.4965094634
02/14/2023 05:10,0.5017259288
02/14/2023 05:20,0.5017259288
02/14/2023 05:30,0.4994009656
02/14/2023 05:40,0.4990209286
02/14/2023 05:50,0.4809873363
02/14/2023 06:00,0.4889993105
02/14/2023 06:10,0.4924272094
02/14/2023 06:20,0.4915201541
02/14/2023 06:30,0.4914922422
02/14/2023 06:40,0.4957055182
02/14/2023 06:50,0.4926782209
02/14/2023 07:00,0.4964414689
02/14/2023 07:10,0.4915313917
02/14/2023 07:20,0.4931874124
02/14/2023 07:30,0.4971496816
02/14/2023 07:40,0.4982577914
02/14/2023 07:50,0.5036033584
02/14/2023 08:00,0.5036033584
02/14/2023 08:10,0.4987924879
02/14/2023 08:20,0.5014776747
02/14/2023 08:30,0.5014776747
02/14/2023 08:40,0.5031149373
02/14/2023 08:50,0.5002671004
02/14/2023 09:00,0.5005477836
02/14/2023 09:10,0.5079305574
02/14/2023 09:20,0.5079305574
02/14/2023 09:30,0.5098522466
02/14/2023 09:40,0.5087631154
02/14/2023 09:50,0.5099728473
02/14/2023 10:00,0.5081504251
02/14/2023 10:10,0.5070518621
02/14/2023 10:20,0.5001543822
02/14/2023 10:30,0.5001543822
02/14/2023 10:40,0.5001883760
02/14/2023 10:50,0.4993286764
02/14/2023 11:00,0.5000345054
02/14/2023 11:10,0.5024325396
02/14/2023 11:20,0.5020045920
02/14/2023 11:30,0.5010512236
02/14/2023 11:40,0.5014948950
02/14/2023 11:50,0.5018019741
02/14/2023 12:00,0.5005600142
02/14/2023 12:10,0.4986924711
02/14/2023 12:20,0.4986924711
02/14/2023 12:30,0.5015074384
02/14/2023 12:40,0.5014727196
02/14/2023 12:50,0.4986822565
02/14/2023 13:00,0.5008850025
02/14/2023 13:10,0.4980967667
02/14/2023 13:20,0.4980967667
02/14/2023 13:30,0.4985926684
02/14/2023 13:40,0.4982515186
02/14/2023 13:50,0.4978342036
02/14/2023 14:00,0.4971972061
02/14/2023 14:10,0.4968049060
02/14/2023 14:20,0.4929736826
02/14/2023 14:30,0.4939436129
02/14/2023 14:40,0.4931188158
02/14/2023 14:50,0.4884847181
02/14/2023 15:00,0.4880258039
02/14/2023 15:10,0.4876265757
02/14/2023 15:20,0.4870640941
02/14/2023 15:30,0.4901047931
02/14/2023 15:40,0.4892703553
02/14/2023 15:50,0.4905134824
02/14/2023 16:00,0.4937053143
02/14/2023 16:10,0.4906812082
02/14/2023 16:20,0.4905451042
02/14/2023 16:30,0.4915154518
02/14/2023 16:40,0.4856376727
02/14/2023 16:50,0.4856376727
02/14/2023 17:00,0.4913668744
02/14/2023 17:10,0.4913668744
02/14/2023 17:20,0.4913341221
02/14/2023 17:30,0.4900777300
02/14/2023 17:40,0.4900777300
02/14/2023 17:50,0.4905716467
02/14/2023 18:00,0.4939379224
02/14/2023 18:10,0.5010155642
02/14/2023 18:20,0.5010155642
02/14/2023 18:30,0.4984249812
02/14/2023 18:40,0.4963556443
02/14/2023 18:50,0.5006578427
02/14/2023 19:00,0.5049379732
02/14/2023 19:10,0.5045913409
02/14/2023 19:20,0.5045796263
02/14/2023 19:30,0.5028660376
02/14/2023 19:40,0.5026055483
02/14/2023 19:50,0.5032588365
02/14/2023 20:00,0.5052466152
02/14/2023 20:10,0.5025220647
02/14/2023 20:20,0.5020611191
02/14/2023 20:30,0.5027744801
02/14/2023 20:40,0.5031357459
02/14/2023 20:50,0.5066474544
02/14/2023 21:00,0.5107380301
02/14/2023 21:10,0.5085201062
02/14/2023 21:20,0.5095371581
02/14/2023 21:30,0.5075070147
02/14/2023 21:40,0.5017505469
02/14/2023 21:50,0.5017505469
02/14/2023 22:00,0.5050326528
02/14/2023 22:10,0.5011623296
02/14/2023 22:20,0.5016091215
02/14/2023 22:30,0.4993645346
02/14/2023 22:40,0.4930236970
02/14/2023 22:50,0.4930236970
02/14/2023 23:00,0.5035876589
02/14/2023 23:10,0.5426307231
02/14/2023 23:20,0.5437340438
02/14/2023 23:30,0.5457619112
02/14/2023 23:40,0.5519422392
02/14/2023 23:50,0.5280537310
02/15/2023 00:00,0.5337836418
02/15/2023 00:10,0.5337836418
02/15/2023 00:20,0.5331828871
02/15/2023 00:30,0.5328786937
02/15/2023 00:40,0.5295422304
02/15/2023 00:50,0.5321411210
02/15/2023 01:00,0.5274779753
02/15/2023 01:10,0.5305387632
02/15/2023 01:20,0.5300283297
02/15/2023 01:30,0.5305939605
02/15/2023 01:40,0.5347291673
02/15/2023 01:50,0.5347291673
02/15/2023 02:00,0.5348912491
02/15/2023 02:10,0.5359678464
02/15/2023 02:20,0.5366362068
02/15/2023 02:30,0.5413714211
02/15/2023 02:40,0.5402063108
02/15/2023 02:50,0.5410875521
02/15/2023 03:00,0.5431325079
02/15/2023 03:10,0.5387010787
02/15/2023 03:20,0.5392594269
02/15/2023 03:30,0.5409442149
02/15/2023 03:40,0.5409452283
02/15/2023 03:50,0.5412720816
02/15/2023 04:00,0.5406507283
02/15/2023 04:10,0.5399749858
02/15/2023 04:20,0.5386800809
02/15/2023 04:30,0.5314168562
02/15/2023 04:40,0.5264497159
02/15/2023 04:50,0.5235528396
02/15/2023 05:00,0.5231227392
02/15/2023 05:10,0.5265407299
02/15/2023 05:20,0.5252522971
02/15/2023 05:30,0.5255880080
02/15/2023 05:40,0.5320991609
02/15/2023 05:50,0.5320991609
02/15/2023 06:00,0.5326697815
02/15/2023 06:10,0.5325112468
02/15/2023 06:20,0.5391650842
02/15/2023 06:30,0.5391650842
02/15/2023 06:40,0.5406811290
02/15/2023 06:50,0.5386478146
02/15/2023 07:00,0.5390143716
02/15/2023 07:10,0.5395135022
02/15/2023 07:20,0.5405951794
02/15/2023 07:30,0.5402788776
02/15/2023 07:40,0.5399769884
02/15/2023 07:50,0.5398362563
02/15/2023 08:00,0.5405628258
02/15/2023 08:10,0.5395890167
02/15/2023 08:20,0.5374579285
02/15/2023 08:30,0.5375886688
02/15/2023 08:40,0.5349839399
02/15/2023 08:50,0.5349839399
02/15/2023 09:00,0.5318441814
02/15/2023 09:10,0.5331924612
02/15/2023 09:20,0.5341552634
02/15/2023 09:30,0.5356468194
02/15/2023 09:40,0.5321358215
02/15/2023 09:50,0.5343408619
02/15/2023 10:00,0.5336932721
02/15/2023 10:10,0.5346742652
02/15/2023 10:20,0.5341084950
02/15/2023 10:30,0.5350056340
02/15/2023 10:40,0.5330282333
02/15/2023 10:50,0.5357983150
02/15/2023 11:00,0.5331867016
02/15/2023 11:10,0.5354912693
02/15/2023 11:20,0.5339915316
02/15/2023 11:30,0.5373156970
02/15/2023 11:40,0.5379552706
02/15/2023 11:50,0.5413250818
02/15/2023 12:00,0.5379951926
02/15/2023 12:10,0.5417497882
02/15/2023 12:20,0.5423970309
02/15/2023 12:30,0.5426368981
02/15/2023 12:40,0.5404727170
02/15/2023 12:50,0.5440254245
02/15/2023 13:00,0.5405566559
02/15/2023 13:10,0.5398564581
02/15/2023 13:20,0.5401744276
02/15/2023 13:30,0.5440992440
02/15/2023 13:40,0.5412437422
02/15/2023 13:50,0.5414609319
02/15/2023 14:00,0.5461179155
02/15/2023 14:10,0.5455707764
02/15/2023 14:20,0.5405194524
02/15/2023 14:30,0.5418908793
02/15/2023 14:40,0.5400768534
02/15/2023 14:50,0.5449514615
02/15/2023 15:00,0.5447941823
02/15/2023 15:10,0.5431937948
02/15/2023 15:20,0.5564615818
02/15/2023 15:30,0.5543655915
02/15/2023 15:40,0.5502996110
02/15/2023 15:50,0.5404724743
02/15/2023 16:00,0.5404724743
02/15/2023 16:10,0.5439023154
02/15/2023 16:20,0.5407875551
02/15/2023 16:30,0.5410384396
02/15/2023 16:40,0.5407687083
02/15/2023 16:50,0.5411520840
02/15/2023 17:00,0.5507871366
02/15/2023 17:10,0.5507871366
02/15/2023 17:20,0.5555443543
02/15/2023 17:30,0.5601088604
02/15/2023 17:40,0.5644897687
02/15/2023 17:50,0.5684268872
02/15/2023 18:00,0.5686979205
02/15/2023 18:10,0.5632303053
02/15/2023 18:20,0.5733423918
02/15/2023 18:30,0.5812444953
02/15/2023 18:40,0.5773381546
02/15/2023 18:50,0.5773381546
02/15/2023 19:00,0.5751194431
02/15/2023 19:10,0.5772083674
02/15/2023 19:20,0.5820134622
02/15/2023 19:30,0.5795804769
02/15/2023 19:40,0.5863436326
02/15/2023 19:50,0.5980570700
02/15/2023 20:00,0.5980570700
02/15/2023 20:10,0.6178993143
02/15/2023 20:20,0.6281070204
02/15/2023 20:30,0.6334616327
02/15/2023 20:40,0.6367808678
02/15/2023 20:50,0.6381932219
02/15/2023 21:00,0.6422517855
02/15/2023 21:10,0.6361794589
02/15/2023 21:20,0.6276350768
02/15/2023 21:30,0.6276350768
02/15/2023 21:40,0.6249421847
02/15/2023 21:50,0.6257080503
02/15/2023 22:00,0.6200950368
02/15/2023 22:10,0.6221381489
02/15/2023 22:20,0.6201806205
02/15/2023 22:30,0.6201806205
02/15/2023 22:40,0.6065712031
02/15/2023 22:50,0.6057211522
02/15/2023 23:00,0.6043367555
02/15/2023 23:10,0.6157722314
02/15/2023 23:20,0.6157722314
02/15/2023 23:30,0.6134833206
02/15/2023 23:40,0.6213864902
02/15/2023 23:50,0.6213864902
02/16/2023 00:00,0.6276205850
02/16/2023 00:10,0.6307020806
02/16/2023 00:20,0.6289538780
02/16/2023 00:30,0.6362452897
02/16/2023 00:40,0.6362452897
02/16/2023 00:50,0.6378037551
02/16/2023 01:00,0.6361722193
02/16/2023 01:10,0.6305708445
02/16/2023 01:20,0.6372609869
02/16/2023 01:30,0.6372609869
02/16/2023 01:40,0.6414167168
02/16/2023 01:50,0.6395486285
02/16/2023 02:00,0.6395486285
02/16/2023 02:10,0.6468877330
02/16/2023 02:20,0.6468877330
02/16/2023 02:30,0.6574439252
02/16/2023 02:40,0.6574439252
02/16/2023 02:50,0.6608060244
02/16/2023 03:00,0.6683456437
02/16/2023 03:10,0.6816054635
02/16/2023 03:20,0.6862484896
02/16/2023 03:30,0.6885001436
02/16/2023 03:40,0.6968150042
02/16/2023 03:50,0.6968150042
02/16/2023 04:00,0.7387320468
02/16/2023 04:10,0.7489824855
02/16/2023 04:20,0.7127480376
02/16/2023 04:30,0.7127003977
02/16/2023 04:40,0.7121372944
02/16/2023 04:50,0.7250852558
02/16/2023 05:00,0.7311007124
02/16/2023 05:10,0.7299409362
02/16/2023 05:20,0.7289576292
02/16/2023 05:30,0.7346402465
02/16/2023 05:40,0.7213390696
02/16/2023 05:50,0.7111544718
02/16/2023 06:00,0.7111544718
02/16/2023 06:10,0.7155637753
02/16/2023 06:20,0.7130546396
02/16/2023 06:30,0.7162508188
02/16/2023 06:40,0.7179967066
02/16/2023 06:50,0.7109969580
02/16/2023 07:00,0.7109969580
02/16/2023 07:10,0.7120799133
02/16/2023 07:20,0.7120540449
02/16/2023 07:30,0.7120540449
02/16/2023 07:40,0.7133181367
02/16/2023 07:50,0.7143063634
02/16/2023 08:00,0.7143063634
02/16/2023 08:10,0.7248510358
02/16/2023 08:20,0.7248510358
02/16/2023 08:30,0.7309374369
02/16/2023 08:40,0.7229888771
02/16/2023 08:50,0.7197009655
02/16/2023 09:00,0.7197009655
02/16/2023 09:10,0.7204840801
02/16/2023 09:20,0.7249404214
02/16/2023 09:30,0.7242180370
02/16/2023 09:40,0.7210689856
02/16/2023 09:50,0.7272779987
02/16/2023 10:00,0.7272779987
02/16/2023 10:10,0.7296245556
02/16/2023 10:20,0.7318946288
02/16/2023 10:30,0.7441060218
02/16/2023 10:40,0.7466882905
02/16/2023 10:50,0.7518575483
02/16/2023 11:00,0.7518575483
02/16/2023 11:10,0.7465509503
02/16/2023 11:20,0.7449064438
02/16/2023 11:30,0.7479378530
02/16/2023 11:40,0.7483241336
02/16/2023 11:50,0.7415235633
02/16/2023 12:00,0.7363916056
02/16/2023 12:10,0.7388564788
02/16/2023 12:20,0.7365251117
02/16/2023 12:30,0.7280342866
02/16/2023 12:40,0.7328863922
02/16/2023 12:50,0.7328863922
02/16/2023 13:00,0.7194045233
02/16/2023 13:10,0.7062527207
02/16/2023 13:20,0.7040296265
02/16/2023 13:30,0.7060158633
02/16/2023 13:40,0.7188254598
02/16/2023 13:50,0.7224200739
02/16/2023 14:00,0.7197480110
02/16/2023 14:10,0.7199805123
02/16/2023 14:20,0.7146536796
02/16/2023 14:30,0.7115786711
02/16/2023 14:40,0.7115786711
02/16/2023 14:50,0.7058932359
02/16/2023 15:00,0.7024967024
02/16/2023 15:10,0.6955768166
02/16/2023 15:20,0.6873572113
02/16/2023 15:30,0.6873572113
02/16/2023 15:40,0.6900063743
02/16/2023 15:50,0.6832416970
02/16/2023 16:00,0.6847849947
02/16/2023 16:10,0.6822296149
02/16/2023 16:20,0.6817213531
02/16/2023 16:30,0.6770782126
02/16/2023 16:40,0.6712488708
02/16/2023 16:50,0.6721173952
02/16/2023 17:00,0.6673083467
02/16/2023 17:10,0.6682803036
02/16/2023 17:20,0.6682623033
02/16/2023 17:30,0.6701866848
02/16/2023 17:40,0.6680415370
02/16/2023 17:50,0.6690316512
02/16/2023 18:00,0.6705066823
02/16/2023 18:10,0.6639743092
02/16/2023 18:20,0.6640053081
02/16/2023 18:30,0.6714222046
02/16/2023 18:40,0.6714222046
02/16/2023 18:50,0.6620606690
02/16/2023 19:00,0.6620606690
02/16/2023 19:10,0.6618675844
02/16/2023 19:20,0.6609568929
02/16/2023 19:30,0.6671115994
02/16/2023 19:40,0.6644244487
02/16/2023 19:50,0.6665088962
02/16/2023 20:00,0.6685091261
02/16/2023 20:10,0.6826303268
02/16/2023 20:20,0.6878704799
02/16/2023 20:30,0.6857327797
02/16/2023 20:40,0.6850701871
02/16/2023 20:50,0.6770540992
02/16/2023 21:00,0.6859647315
02/16/2023 21:10,0.6786949710
02/16/2023 21:20,0.6844665580
02/16/2023 21:30,0.6844665580
02/16/2023 21:40,0.6879101506
02/16/2023 21:50,0.6792250362
02/16/2023 22:00,0.6725102772
02/16/2023 22:10,0.6731630086
02/16/2023 22:20,0.6731630086
02/16/2023 22:30,0.6668880127
02/16/2023 22:40,0.6643358884
02/16/2023 22:50,0.6634349772
02/16/2023 23:00,0.6682945346
02/16/2023 23:10,0.6692179272
02/16/2023 23:20,0.6633786735
02/16/2023 23:30,0.6688529735
02/16/2023 23:40,0.6675089092
02/16/2023 23:50,0.6844463533
02/17/2023 00:00,0.6963713212
02/17/2023 00:10,0.7073910712
02/17/2023 00:20,0.7073910712
02/17/2023 00:30,0.7082621171
02/17/2023 00:40,0.7148849001
02/17/2023 00:50,0.7182558265
02/17/2023 01:00,0.7212518701
02/17/2023 01:10,0.7346955591
02/17/2023 01:20,0.7346955591
02/17/2023 01:30,0.7327371953
02/17/2023 01:40,0.7337017713
02/17/2023 01:50,0.7307972963
02/17/2023 02:00,0.7314815395
02/17/2023 02:10,0.7317059918
02/17/2023 02:20,0.7311286796
02/17/2023 02:30,0.7295667449
02/17/2023 02:40,0.7299367820
02/17/2023 02:50,0.7311784201
02/17/2023 03:00,0.7329358590
02/17/2023 03:10,0.7353867306
02/17/2023 03:20,0.7353867306
02/17/2023 03:30,0.7342753754
02/17/2023 03:40,0.7387484321
02/17/2023 03:50,0.7339529500
02/17/2023 04:00,0.7375106400
02/17/2023 04:10,0.7325601249
02/17/2023 04:20,0.7312276005
02/17/2023 04:30,0.7251009379
02/17/2023 04:40,0.7195469114
02/17/2023 04:50,0.6815226381
02/17/2023 05:00,0.6813075765
02/17/2023 05:10,0.6795920868
02/17/2023 05:20,0.6782427250
02/17/2023 05:30,0.6747574915
02/17/2023 05:40,0.6750572235
02/17/2023 05:50,0.6750572235
02/17/2023 06:00,0.6689212185
02/17/2023 06:10,0.6747702063
02/17/2023 06:20,0.6708563065
02/17/2023 06:30,0.6709363807
02/17/2023 06:40,0.6679023582
02/17/2023 06:50,0.6679023582
02/17/2023 07:00,0.6686265915
02/17/2023 07:10,0.6660536533
02/17/2023 07:20,0.6694756637
02/17/2023 07:30,0.6613199435
02/17/2023 07:40,0.6613199435
02/17/2023 07:50,0.6424328803
02/17/2023 08:00,0.6424714236
02/17/2023 08:10,0.6526607362
02/17/2023 08:20,0.6559584081
02/17/2023 08:30,0.6559584081
02/17/2023 08:40,0.6624782174
02/17/2023 08:50,0.6656083673
02/17/2023 09:00,0.6656567194
02/17/2023 09:10,0.6635018544
02/17/2023 09:20,0.6676316463
02/17/2023 09:30,0.6630074963
02/17/2023 09:40,0.6615327327
02/17/2023 09:50,0.6656914511
02/17/2023 10:00,0.6703902171
02/17/2023 10:10,0.6703316589
02/17/2023 10:20,0.6655412402
02/17/2023 10:30,0.6662892276
02/17/2023 10:40,0.6663268915
02/17/2023 10:50,0.6699713375
02/17/2023 11:00,0.6673282667
02/17/2023 11:10,0.6619926776
02/17/2023 11:20,0.6765669729
02/17/2023 11:30,0.6826844233
02/17/2023 11:40,0.6926081548
02/17/2023 11:50,0.6926081548
02/17/2023 12:00,0.6923763276
02/17/2023 12:10,0.6923530200
02/17/2023 12:20,0.6905019757
02/17/2023 12:30,0.6885064889
02/17/2023 12:40,0.6861540174
02/17/2023 12:50,0.6861975882
02/17/2023 13:00,0.6867948851
02/17/2023 13:10,0.6895435540
02/17/2023 13:20,0.6871612577
02/17/2023 13:30,0.6961743042
02/17/2023 13:40,0.6961743042
02/17/2023 13:50,0.6967141671
02/17/2023 14:00,0.6964791130
02/17/2023 14:10,0.6961756045
02/17/2023 14:20,0.6964746542
02/17/2023 14:30,0.6947690177
02/17/2023 14:40,0.6902667888
02/17/2023 14:50,0.6837774722
02/17/2023 15:00,0.6759546525
02/17/2023 15:10,0.6759546525
02/17/2023 15:20,0.6798672662
02/17/2023 15:30,0.6791109811
02/17/2023 15:40,0.6478899565
02/17/2023 15:50,0.6509992870
02/17/2023 16:00,0.6481441326
02/17/2023 16:10,0.6449528624
02/17/2023 16:20,0.6361973701
02/17/2023 16:30,0.6361973701
02/17/2023 16:40,0.6375621492
02/17/2023 16:50,0.6363488889
02/17/2023 17:00,0.6435341731
02/17/2023 17:10,0.6435341731
02/17/2023 17:20,0.6428116956
02/17/2023 17:30,0.6462829353
02/17/2023 17:40,0.6428095863
02/17/2023 17:50,0.6419999819
02/17/2023 18:00,0.6474773139
02/17/2023 18:10,0.6474773139
02/17/2023 18:20,0.6531640683
02/17/2023 18:30,0.6519572813
02/17/2023 18:40,0.6444595744
02/17/2023 18:50,0.6444595744
02/17/2023 19:00,0.6475763704
02/17/2023 19:10,0.6475763704
02/17/2023 19:20,0.6485991070
02/17/2023 19:30,0.6545637030
02/17/2023 19:40,0.6512157077
02/17/2023 19:50,0.6505230293
02/17/2023 20:00,0.6515518760
02/17/2023 20:10,0.6498223527
02/17/2023 20:20,0.6536764245
02/17/2023 20:30,0.6539179272
02/17/2023 20:40,0.6623191454
02/17/2023 20:50,0.6623191454
02/17/2023 21:00,0.6554470433
02/17/2023 21:10,0.6554470433
02/17/2023 21:20,0.6678027704
02/17/2023 21:30,0.6678027704
02/17/2023 21:40,0.6663213690
02/17/2023 21:50,0.6628190930
02/17/2023 22:00,0.6493173957
02/17/2023 22:10,0.6441666607
02/17/2023 22:20,0.6499474815
02/17/2023 22:30,0.6479927090
02/17/2023 22:40,0.6539685938
02/17/2023 22:50,0.6534777176
02/17/2023 23:00,0.6534777176
02/17/2023 23:10,0.6549667966
02/17/2023 23:20,0.6560259082
02/17/2023 23:30,0.6529928472
02/17/2023 23:40,0.6543469645
02/17/2023 23:50,0.6582055788
02/18/2023 00:00,0.6542507095
02/18/2023 00:10,0.6597188697
02/18/2023 00:20,0.6567285597
02/18/2023 00:30,0.6590657952
02/18/2023 00:40,0.6600789662
02/18/2023 00:50,0.6569036287
02/18/2023 01:00,0.6548762771
02/18/2023 01:10,0.6660543720
02/18/2023 01:20,0.6660543720
02/18/2023 01:30,0.6660778726
02/18/2023 01:40,0.6712651260
02/18/2023 01:50,0.6737547996
02/18/2023 02:00,0.6737547996
02/18/2023 02:10,0.6605907200
02/18/2023 02:20,0.6605907200
02/18/2023 02:30,0.6592983390
02/18/2023 02:40,0.6624785424
02/18/2023 02:50,0.6606092529
02/18/2023 03:00,0.6627886404
02/18/2023 03:10,0.6597241822
02/18/2023 03:20,0.6581853016
02/18/2023 03:30,0.6620954353
02/18/2023 03:40,0.6620954353
02/18/2023 03:50,0.6650729852
02/18/2023 04:00,0.6646399490
02/18/2023 04:10,0.6700156233
02/18/2023 04:20,0.6674175239
02/18/2023 04:30,0.6787811683
02/18/2023 04:40,0.6841054999
02/18/2023 04:50,0.6820685037
02/18/2023 05:00,0.6818837643
02/18/2023 05:10,0.6866600608
02/18/2023 05:20,0.6869756309
02/18/2023 05:30,0.6868891240
02/18/2023 05:40,0.6922255282
02/18/2023 05:50,0.6902908074
02/18/2023 06:00,0.6892810116
02/18/2023 06:10,0.6884488781
02/18/2023 06:20,0.6827180873
02/18/2023 06:30,0.6931098756
02/18/2023 06:40,0.6931098756
02/18/2023 06:50,0.6967962544
02/18/2023 07:00,0.6974845452
02/18/2023 07:10,0.6978493859
02/18/2023 07:20,0.6978968785
02/18/2023 07:30,0.6969737962
02/18/2023 07:40,0.6989033925
02/18/2023 07:50,0.7001627634
02/18/2023 08:00,0.6988459980
02/18/2023 08:10,0.6970884157
02/18/2023 08:20,0.6975875292
02/18/2023 08:30,0.7002103479
02/18/2023 08:40,0.7001067886
02/18/2023 08:50,0.6980817891
02/18/2023 09:00,0.7003874228
02/18/2023 09:10,0.7016136218
02/18/2023 09:20,0.7011646199
02/18/2023 09:30,0.7015267397
02/18/2023 09:40,0.7022604803
02/18/2023 09:50,0.7023264083
02/18/2023 10:00,0.7031371255
02/18/2023 10:10,0.7041583110
02/18/2023 10:20,0.7027785290
02/18/2023 10:30,0.7020680804
02/18/2023 10:40,0.7016685052
02/18/2023 10:50,0.7016229620
02/18/2023 11:00,0.7005157156
02/18/2023 11:10,0.6990860079
02/18/2023 11:20,0.6902680755
02/18/2023 11:30,0.6902680755
02/18/2023 11:40,0.6957501264
02/18/2023 11:50,0.6957501264
02/18/2023 12:00,0.6918873969
02/18/2023 12:10,0.6926511707
02/18/2023 12:20,0.6849733602
02/18/2023 12:30,0.6849733602
02/18/2023 12:40,0.6904230274
02/18/2023 12:50,0.6895045915
02/18/2023 13:00,0.6871729817
02/18/2023 13:10,0.6852642927
02/18/2023 13:20,0.6900742686
02/18/2023 13:30,0.6881676753
02/18/2023 13:40,0.6841186621
02/18/2023 13:50,0.6900255689
02/18/2023 14:00,0.6908802380
02/18/2023 14:10,0.6846336288
02/18/2023 14:20,0.6841067891
02/18/2023 14:30,0.6892555327
02/18/2023 14:40,0.6921219116
02/18/2023 14:50,0.6916473856
02/18/2023 15:00,0.6893608982
02/18/2023 15:10,0.6832357868
02/18/2023 15:20,0.6834221793
02/18/2023 15:30,0.6900979792
02/18/2023 15:40,0.6793868911
02/18/2023 15:50,0.6750824247
02/18/2023 16:00,0.6638439775
02/18/2023 16:10,0.6648926356
02/18/2023 16:20,0.6648926356
02/18/2023 16:30,0.6623709884
02/18/2023 16:40,0.6652851918
02/18/2023 16:50,0.6593793996
02/18/2023 17:00,0.6655023297
02/18/2023 17:10,0.6655403008
02/18/2023 17:20,0.6691162833
02/18/2023 17:30,0.6691162833
02/18/2023 17:40,0.6653541815
02/18/2023 17:50,0.6696324862
02/18/2023 18:00,0.6628968435
02/18/2023 18:10,0.6628968435
02/18/2023 18:20,0.6642541943
02/18/2023 18:30,0.6667870690
02/18/2023 18:40,0.6663993283
02/18/2023 18:50,0.6677009050
02/18/2023 19:00,0.6655808228
02/18/2023 19:10,0.6609997718
02/18/2023 19:20,0.6659958697
02/18/2023 19:30,0.6633879241
02/18/2023 19:40,0.6691197747
02/18/2023 19:50,0.6679422306
02/18/2023 20:00,0.6660062075
02/18/2023 20:10,0.6647854048
02/18/2023 20:20,0.6694448058
02/18/2023 20:30,0.6664195130
02/18/2023 20:40,0.6662701794
02/18/2023 20:50,0.6706249179
02/18/2023 21:00,0.6699728527
02/18/2023 21:10,0.6625991974
02/18/2023 21:20,0.6693593937
02/18/2023 21:30,0.6583058430
02/18/2023 21:40,0.6583643369
02/18/2023 21:50,0.6583643369
02/18/2023 22:00,0.6649502552
02/18/2023 22:10,0.6622838412
02/18/2023 22:20,0.6652792095
02/18/2023 22:30,0.6588628503
02/18/2023 22:40,0.6640282615
02/18/2023 22:50,0.6603508603
02/18/2023 23:00,0.6603508603
02/18/2023 23:10,0.6647106316
02/18/2023 23:20,0.6652423703
02/18/2023 23:30,0.6577125619
02/18/2023 23:40,0.6621509839
02/18/2023 23:50,0.6621509839
02/19/2023 00:00,0.6601910641
02/19/2023 00:10,0.6603364185
02/19/2023 00:20,0.6583164957
02/19/2023 00:30,0.6603189658
02/19/2023 00:40,0.6603057520
02/19/2023 00:50,0.6638249935
02/19/2023 01:00,0.6579304936
02/19/2023 01:10,0.6577254041
02/19/2023 01:20,0.6595240903
02/19/2023 01:30,0.6604385976
02/19/2023 01:40,0.6590663082
02/19/2023 01:50,0.6594080501
02/19/2023 02:00,0.6591961676
02/19/2023 02:10,0.6625867646
02/19/2023 02:20,0.6625867646
02/19/2023 02:30,0.6631679487
02/19/2023 02:40,0.6595810204
02/19/2023 02:50,0.6629814519
02/19/2023 03:00,0.6613641262
02/19/2023 03:10,0.6609687196
02/19/2023 03:20,0.6615738033
02/19/2023 03:30,0.6609032825
02/19/2023 03:40,0.6625759993
02/19/2023 03:50,0.6582100154
02/19/2023 04:00,0.6550578018
02/19/2023 04:10,0.6552893387
02/19/2023 04:20,0.6544684591
02/19/2023 04:30,0.6544684591
02/19/2023 04:40,0.6517396084
02/19/2023 04:50,0.6561563601
02/19/2023 05:00,0.6452596318
02/19/2023 05:10,0.6452596318
02/19/2023 05:20,0.6453760288
02/19/2023 05:30,0.6425537311
02/19/2023 05:40,0.6473494972
02/19/2023 05:50,0.6476645578
02/19/2023 06:00,0.6476808684
02/19/2023 06:10,0.6367253918
02/19/2023 06:20,0.6367253918
02/19/2023 06:30,0.6367855646
02/19/2023 06:40,0.6379589697
02/19/2023 06:50,0.6404815410
02/19/2023 07:00,0.6408069455
02/19/2023 07:10,0.6380729904
02/19/2023 07:20,0.6424426078
02/19/2023 07:30,0.6422423637
02/19/2023 07:40,0.6423415574
02/19/2023 07:50,0.6423258979
02/19/2023 08:00,0.6469462498
02/19/2023 08:10,0.6459953035
02/19/2023 08:20,0.6424653030
02/19/2023 08:30,0.6482814446
02/19/2023 08:40,0.6443501405
02/19/2023 08:50,0.6438289399
02/19/2023 09:00,0.6448518850
02/19/2023 09:10,0.6444753851
02/19/2023 09:20,0.6446557469
02/19/2023 09:30,0.6454784196
02/19/2023 09:40,0.6451015227
02/19/2023 09:50,0.6451649120
02/19/2023 10:00,0.6453028037
02/19/2023 10:10,0.6455951165
02/19/2023 10:20,0.6444246531
02/19/2023 10:30,0.6470612509
02/19/2023 10:40,0.6509173724
02/19/2023 10:50,0.6502729490
02/19/2023 11:00,0.6473183406
02/19/2023 11:10,0.6585767539
02/19/2023 11:20,0.6585767539
02/19/2023 11:30,0.6624120775
02/19/2023 11:40,0.6583396154
02/19/2023 11:50,0.6570876432
02/19/2023 12:00,0.6605567499
02/19/2023 12:10,0.6612094147
02/19/2023 12:20,0.6539547303
02/19/2023 12:30,0.6583498051
02/19/2023 12:40,0.6583498051
02/19/2023 12:50,0.6577480912
02/19/2023 13:00,0.6620054525
02/19/2023 13:10,0.6585818372
02/19/2023 13:20,0.6595013266
02/19/2023 13:30,0.6640646041
02/19/2023 13:40,0.6647851611
02/19/2023 13:50,0.6636811567
02/19/2023 14:00,0.6628692868
02/19/2023 14:10,0.6619266984
02/19/2023 14:20,0.6580331977
02/19/2023 14:30,0.6649742790
02/19/2023 14:40,0.6649742790
02/19/2023 14:50,0.6637232941
02/19/2023 15:00,0.6693576531
02/19/2023 15:10,0.6643976334
02/19/2023 15:20,0.6639408362
02/19/2023 15:30,0.6731098129
02/19/2023 15:40,0.6731098129
02/19/2023 15:50,0.6715039598
02/19/2023 16:00,0.6715039598
02/19/2023 16:10,0.6633901065
02/19/2023 16:20,0.6633901065
02/19/2023 16:30,0.6633125190
02/19/2023 16:40,0.6586731611
02/19/2023 16:50,0.6600463252
02/19/2023 17:00,0.6600463252
02/19/2023 17:10,0.6661512824
02/19/2023 17:20,0.6682298209
02/19/2023 17:30,0.6663829100
02/19/2023 17:40,0.6752289911
02/19/2023 17:50,0.6873964899
02/19/2023 18:00,0.6941202617
02/19/2023 18:10,0.6930031285
02/19/2023 18:20,0.6920607964
02/19/2023 18:30,0.6909576902
02/19/2023 18:40,0.6905569494
02/19/2023 18:50,0.6912576484
02/19/2023 19:00,0.6909653592
02/19/2023 19:10,0.6891749619
02/19/2023 19:20,0.6843990819
02/19/2023 19:30,0.6838063733
02/19/2023 19:40,0.6827672295
02/19/2023 19:50,0.6909163259
02/19/2023 20:00,0.6910944151
02/19/2023 20:10,0.6910944151
02/19/2023 20:20,0.6875598801
02/19/2023 20:30,0.6876768471
02/19/2023 20:40,0.6878616606
02/19/2023 20:50,0.6877753727
02/19/2023 21:00,0.6870479482
02/19/2023 21:10,0.6780035416
02/19/2023 21:20,0.6780035416
02/19/2023 21:30,0.6777316134
02/19/2023 21:40,0.6794248802
02/19/2023 21:50,0.6790576924
02/19/2023 22:00,0.6869618108
02/19/2023 22:10,0.6869618108
02/19/2023 22:20,0.6867900266
02/19/2023 22:30,0.6817159598
02/19/2023 22:40,0.6812212652
02/19/2023 22:50,0.6820890848
02/19/2023 23:00,0.6824181781
02/19/2023 23:10,0.6922098020
02/19/2023 23:20,0.6824417247
02/19/2023 23:30,0.6832479321
02/19/2023 23:40,0.6832479321
02/19/2023 23:50,0.6842494290
02/20/2023 00:00,0.7033374462
02/20/2023 00:10,0.7025683367
02/20/2023 00:20,0.7056248433
02/20/2023 00:30,0.7001347690
02/20/2023 00:40,0.6946761254
02/20/2023 00:50,0.7012325323
02/20/2023 01:00,0.6891424549
02/20/2023 01:10,0.6860388383
02/20/2023 01:20,0.6996588908
02/20/2023 01:30,0.7001764742
02/20/2023 01:40,0.6991123747
02/20/2023 01:50,0.6991477768
02/20/2023 02:00,0.6952649752
02/20/2023 02:10,0.6887244619
02/20/2023 02:20,0.6918429359
02/20/2023 02:30,0.6907883006
02/20/2023 02:40,0.6958611506
02/20/2023 02:50,0.6896432790
02/20/2023 03:00,0.6904337272
02/20/2023 03:10,0.6919824216
02/20/2023 03:20,0.6911006622
02/20/2023 03:30,0.6927152189
02/20/2023 03:40,0.7013802895
02/20/2023 03:50,0.7013802895
02/20/2023 04:00,0.7021329377
02/20/2023 04:10,0.6975221552
02/20/2023 04:20,0.6949601595
02/20/2023 04:30,0.6977802680
02/20/2023 04:40,0.6998028412
02/20/2023 04:50,0.7012529256
02/20/2023 05:00,0.7065444806
02/20/2023 05:10,0.6999495254
02/20/2023 05:20,0.7033004615
02/20/2023 05:30,0.7026869991
02/20/2023 05:40,0.7026869991
02/20/2023 05:50,0.6967791445
02/20/2023 06:00,0.6974218740
02/20/2023 06:10,0.6973357654
02/20/2023 06:20,0.6929457489
02/20/2023 06:30,0.6971083043
02/20/2023 06:40,0.6940709503
02/20/2023 06:50,0.6931174275
02/20/2023 07:00,0.6908625775
02/20/2023 07:10,0.6877433184
02/20/2023 07:20,0.6903229743
02/20/2023 07:30,0.6809487275
02/20/2023 07:40,0.6809487275
02/20/2023 07:50,0.6848290741
02/20/2023 08:00,0.6786994719
02/20/2023 08:10,0.6793660116
02/20/2023 08:20,0.6789548000
02/20/2023 08:30,0.6796080408
02/20/2023 08:40,0.6762216737
02/20/2023 08:50,0.6797283759
02/20/2023 09:00,0.6777408827
02/20/2023 09:10,0.6798662985
02/20/2023 09:20,0.6692086959
02/20/2023 09:30,0.6644457845
02/20/2023 09:40,0.6588655368
02/20/2023 09:50,0.6588655368
02/20/2023 10:00,0.6592877446
02/20/2023 10:10,0.6585255915
02/20/2023 10:20,0.6585393270
02/20/2023 10:30,0.6611094352
02/20/2023 10:40,0.6597241144
02/20/2023 10:50,0.6636284914
02/20/2023 11:00,0.6643680604
02/20/2023 11:10,0.6595631152
02/20/2023 11:20,0.6682774796
02/20/2023 11:30,0.6682774796
02/20/2023 11:40,0.6695282406
02/20/2023 11:50,0.6695419273
02/20/2023 12:00,0.6762029758
02/20/2023 12:10,0.6708084768
02/20/2023 12:20,0.6708084768
02/20/2023 12:30,0.6716803149
02/20/2023 12:40,0.6719729653
02/20/2023 12:50,0.6716661702
02/20/2023 13:00,0.6722605185
02/20/2023 13:10,0.6713841037
02/20/2023 13:20,0.6708045765
02/20/2023 13:30,0.6703436333
02/20/2023 13:40,0.6712115802
02/20/2023 13:50,0.6702180040
02/20/2023 14:00,0.6710463285
02/20/2023 14:10,0.6712958348
02/20/2023 14:20,0.6732727332
02/20/2023 14:30,0.6809716895
02/20/2023 14:40,0.6827456081
02/20/2023 14:50,0.6827456081
02/20/2023 15:00,0.6840577076
02/20/2023 15:10,0.6842117322
02/20/2023 15:20,0.6850100337
02/20/2023 15:30,0.6882157170
02/20/2023 15:40,0.6871025260
02/20/2023 15:50,0.6877993678
02/20/2023 16:00,0.6897790984
02/20/2023 16:10,0.6868982297
02/20/2023 16:20,0.6886896594
02/20/2023 16:30,0.6866105427
02/20/2023 16:40,0.6877229833
02/20/2023 16:50,0.6823827859
02/20/2023 17:00,0.6882690930
02/20/2023 17:10,0.6817803667
02/20/2023 17:20,0.6817803667
02/20/2023 17:30,0.6850258982
02/20/2023 17:40,0.6850258982
02/20/2023 17:50,0.6898491323
02/20/2023 18:00,0.6898491323
02/20/2023 18:10,0.6941626450
02/20/2023 18:20,0.6939191260
02/20/2023 18:30,0.6930583712
02/20/2023 18:40,0.6877503153
02/20/2023 18:50,0.6860436178
02/20/2023 19:00,0.6915763310
02/20/2023 19:10,0.6866847275
02/20/2023 19:20,0.6858055532
02/20/2023 19:30,0.6834162697
02/20/2023 19:40,0.6884247096
02/20/2023 19:50,0.6901449174
02/20/2023 20:00,0.6933938495
02/20/2023 20:10,0.6933938495
02/20/2023 20:20,0.7000399464
02/20/2023 20:30,0.7084272383
02/20/2023 20:40,0.6983701969
02/20/2023 20:50,0.7065802930
02/20/2023 21:00,0.7071542871
02/20/2023 21:10,0.7071542871
02/20/2023 21:20,0.7070153324
02/20/2023 21:30,0.7068700023
02/20/2023 21:40,0.7052251815
02/20/2023 21:50,0.7052251815
02/20/2023 22:00,0.7035048492
02/20/2023 22:10,0.6999057630
02/20/2023 22:20,0.7002239691
02/20/2023 22:30,0.6999865805
02/20/2023 22:40,0.6946285436
02/20/2023 22:50,0.6967088310
02/20/2023 23:00,0.6964836993
02/20/2023 23:10,0.6985648152
02/20/2023 23:20,0.6976562996
02/20/2023 23:30,0.6962755295
02/20/2023 23:40,0.6983455834
02/20/2023 23:50,0.6950164418
02/21/2023 00:00,0.6926455341
02/21/2023 00:10,0.6973529502
02/21/2023 00:20,0.6919428692
02/21/2023 00:30,0.6893200387
02/21/2023 00:40,0.6910327650
02/21/2023 00:50,0.6854434971
02/21/2023 01:00,0.6812664604
02/21/2023 01:10,0.6812664604
02/21/2023 01:20,0.6859369056
02/21/2023 01:30,0.6803468441
02/21/2023 01:40,0.6841699578
02/21/2023 01:50,0.6855801790
02/21/2023 02:00,0.6836146346
02/21/2023 02:10,0.6871966544
02/21/2023 02:20,0.6824762881
02/21/2023 02:30,0.6813657231
02/21/2023 02:40,0.6805547397
02/21/2023 02:50,0.6878920560
02/21/2023 03:00,0.6878920560
02/21/2023 03:10,0.6882744392
02/21/2023 03:20,0.6857997435
02/21/2023 03:30,0.6917543542
02/21/2023 03:40,0.6962197054
02/21/2023 03:50,0.6877182759
02/21/2023 04:00,0.6877182759
02/21/2023 04:10,0.6852708887
02/21/2023 04:20,0.6908925667
02/21/2023 04:30,0.6847725479
02/21/2023 04:40,0.6849904634
02/21/2023 04:50,0.6902275158
02/21/2023 05:00,0.6852728353
02/21/2023 05:10,0.6876786999
02/21/2023 05:20,0.6910471595
02/21/2023 05:30,0.6923470687
02/21/2023 05:40,0.6880368169
02/21/2023 05:50,0.6880368169
02/21/2023 06:00,0.6816115045
02/21/2023 06:10,0.6851271875
02/21/2023 06:20,0.6746368745
02/21/2023 06:30,0.6746368745
02/21/2023 06:40,0.6777294393
02/21/2023 06:50,0.6550718994
02/21/2023 07:00,0.6570496310
02/21/2023 07:10,0.6537315236
02/21/2023 07:20,0.6553877871
02/21/2023 07:30,0.6553435750
02/21/2023 07:40,0.6565011747
02/21/2023 07:50,0.6557751744
02/21/2023 08:00,0.6559432838
02/21/2023 08:10,0.6566874477
02/21/2023 08:20,0.6566639824
02/21/2023 08:30,0.6588383128
02/21/2023 08:40,0.6588383128
02/21/2023 08:50,0.6603682893
02/21/2023 09:00,0.6653348874
02/21/2023 09:10,0.6594364829
02/21/2023 09:20,0.6589496209
02/21/2023 09:30,0.6546473922
02/21/2023 09:40,0.6637042935
02/21/2023 09:50,0.6637042935
02/21/2023 10:00,0.6644995996
02/21/2023 10:10,0.6588085547
02/21/2023 10:20,0.6585960635
02/21/2023 10:30,0.6628435709
02/21/2023 10:40,0.6628435709
02/21/2023 10:50,0.6665317282
02/21/2023 11:00,0.6648023034
02/21/2023 11:10,0.6648023034
02/21/2023 11:20,0.6609490925
02/21/2023 11:30,0.6606258600
02/21/2023 11:40,0.6618239685
02/21/2023 11:50,0.6604942842
02/21/2023 12:00,0.6590794965
02/21/2023 12:10,0.6590184149
02/21/2023 12:20,0.6630096549
02/21/2023 12:30,0.6523753612
02/21/2023 12:40,0.6523753612
02/21/2023 12:50,0.6472603464
02/21/2023 13:00,0.6457495232
02/21/2023 13:10,0.6425973514
02/21/2023 13:20,0.6421633265
02/21/2023 13:30,0.6540981294
02/21/2023 13:40,0.6540981294
02/21/2023 13:50,0.6497213486
02/21/2023 14:00,0.6497213486
02/21/2023 14:10,0.6558816921
02/21/2023 14:20,0.6570723711
02/21/2023 14:30,0.6507647815
02/21/2023 14:40,0.6507647815
02/21/2023 14:50,0.6439815621
02/21/2023 15:00,0.6439815621
02/21/2023 15:10,0.6418740883
02/21/2023 15:20,0.6426280306
02/21/2023 15:30,0.6439576287
02/21/2023 15:40,0.6432678432
02/21/2023 15:50,0.6494283214
02/21/2023 16:00,0.6436603295
02/21/2023 16:10,0.6442158290
02/21/2023 16:20,0.6450619995
02/21/2023 16:30,0.6468907858
02/21/2023 16:40,0.6406841461
02/21/2023 16:50,0.6406841461
02/21/2023 17:00,0.6333885350
02/21/2023 17:10,0.6333885350
02/21/2023 17:20,0.6282465144
02/21/2023 17:30,0.6209530042
02/21/2023 17:40,0.6209530042
02/21/2023 17:50,0.6204265547
02/21/2023 18:00,0.6243950427
02/21/2023 18:10,0.6265173218
02/21/2023 18:20,0.6225165150
02/21/2023 18:30,0.6179033339
02/21/2023 18:40,0.6129682419
02/21/2023 18:50,0.6119545281
02/21/2023 19:00,0.6090210585
02/21/2023 19:10,0.6121456724
02/21/2023 19:20,0.6121456724
02/21/2023 19:30,0.6154260467
02/21/2023 19:40,0.6170430771
02/21/2023 19:50,0.6080557982
02/21/2023 20:00,0.6035624980
02/21/2023 20:10,0.6043810540
02/21/2023 20:20,0.6046482243
02/21/2023 20:30,0.6021405075
02/21/2023 20:40,0.6000841947
02/21/2023 20:50,0.6008715189
02/21/2023 21:00,0.6004665318
02/21/2023 21:10,0.6005115341
02/21/2023 21:20,0.6031920630
02/21/2023 21:30,0.6053243763
02/21/2023 21:40,0.6049300641
02/21/2023 21:50,0.6070193263
02/21/2023 22:00,0.6184339384
02/21/2023 22:10,0.6184339384
02/21/2023 22:20,0.6197185185
02/21/2023 22:30,0.6167950552
02/21/2023 22:40,0.6228478964
02/21/2023 22:50,0.6198854080
02/21/2023 23:00,0.6180975958
02/21/2023 23:10,0.6201448772
02/21/2023 23:20,0.6147063234
02/21/2023 23:30,0.6152479249
02/21/2023 23:40,0.6159546998
02/21/2023 23:50,0.6208392440
02/22/2023 00:00,0.6153780803
02/22/2023 00:10,0.6197865421
02/22/2023 00:20,0.6197820875
02/22/2023 00:30,0.6176022221
02/22/2023 00:40,0.6176266457
02/22/2023 00:50,0.6200016423
02/22/2023 01:00,0.6162582594
02/22/2023 01:10,0.6108942981
02/22/2023 01:20,0.6169467672
02/22/2023 01:30,0.6193479927
02/22/2023 01:40,0.6192175975
02/22/2023 01:50,0.6218499100
02/22/2023 02:00,0.6511392812
02/22/2023 02:10,0.6488479343
02/22/2023 02:20,0.6592991676
02/22/2023 02:30,0.6592991676
02/22/2023 02:40,0.6584803277
02/22/2023 02:50,0.6636332724
02/22/2023 03:00,0.6651946927
02/22/2023 03:10,0.6631580662
02/22/2023 03:20,0.6632179744
02/22/2023 03:30,0.6625046682
02/22/2023 03:40,0.6618037142
02/22/2023 03:50,0.6608863872
02/22/2023 04:00,0.6622526168
02/22/2023 04:10,0.6630429427
02/22/2023 04:20,0.6589132471
02/22/2023 04:30,0.6629789182
02/22/2023 04:40,0.6629789182
02/22/2023 04:50,0.6635427697
02/22/2023 05:00,0.6632981860
02/22/2023 05:10,0.6628628539
02/22/2023 05:20,0.6574115800
02/22/2023 05:30,0.6549540359
02/22/2023 05:40,0.6541735905
02/22/2023 05:50,0.6531134326
02/22/2023 06:00,0.6427088827
02/22/2023 06:10,0.6427088827
02/22/2023 06:20,0.6368061020
02/22/2023 06:30,0.6368061020
02/22/2023 06:40,0.6357240837
02/22/2023 06:50,0.6391689427
02/22/2023 07:00,0.6391689427
02/22/2023 07:10,0.6400699624
02/22/2023 07:20,0.6481024710
02/22/2023 07:30,0.6486531971
02/22/2023 07:40,0.6486531971
02/22/2023 07:50,0.6477492254
02/22/2023 08:00,0.6455259845
02/22/2023 08:10,0.6455259845
02/22/2023 08:20,0.6486026311
02/22/2023 08:30,0.6434610919
02/22/2023 08:40,0.6455629309
02/22/2023 08:50,0.6498641584
02/22/2023 09:00,0.6498641584
02/22/2023 09:10,0.6499821827
02/22/2023 09:20,0.6491162634
02/22/2023 09:30,0.6473878372
02/22/2023 09:40,0.6477200376
02/22/2023 09:50,0.6423402928
02/22/2023 10:00,0.6436242111
02/22/2023 10:10,0.6392445773
02/22/2023 10:20,0.6343572857
02/22/2023 10:30,0.6333604312
02/22/2023 10:40,0.6307904604
02/22/2023 10:50,0.6307904604
02/22/2023 11:00,0.6262095800
02/22/2023 11:10,0.6270237427
02/22/2023 11:20,0.6151163827
02/22/2023 11:30,0.6151163827
02/22/2023 11:40,0.6145581801
02/22/2023 11:50,0.6133146652
02/22/2023 12:00,0.6157478668
02/22/2023 12:10,0.6150511156
02/22/2023 12:20,0.6144736130
02/22/2023 12:30,0.6182730667
02/22/2023 12:40,0.6158159561
02/22/2023 12:50,0.6136069688
02/22/2023 13:00,0.6166614433
02/22/2023 13:10,0.6171406956
02/22/2023 13:20,0.6160225064
02/22/2023 13:30,0.6155304328
02/22/2023 13:40,0.6124946060
02/22/2023 13:50,0.6157149732
02/22/2023 14:00,0.6156058257
02/22/2023 14:10,0.6141120328
02/22/2023 14:20,0.6153050116
02/22/2023 14:30,0.6086614778
02/22/2023 14:40,0.6086614778
02/22/2023 14:50,0.6099541626
02/22/2023 15:00,0.6126945179
02/22/2023 15:10,0.6141910006
02/22/2023 15:20,0.6164602461
02/22/2023 15:30,0.6156159697
02/22/2023 15:40,0.6145064700
02/22/2023 15:50,0.6163000899
02/22/2023 16:00,0.6210076360
02/22/2023 16:10,0.6204739486
02/22/2023 16:20,0.6119763517
02/22/2023 16:30,0.6095269541
02/22/2023 16:40,0.6095269541
02/22/2023 16:50,0.6137934004
02/22/2023 17:00,0.6147212095
02/22/2023 17:10,0.6145895164
02/22/2023 17:20,0.6133051823
02/22/2023 17:30,0.6145740413
02/22/2023 17:40,0.6140374957
02/22/2023 17:50,0.6161542323
02/22/2023 18:00,0.6138441673
02/22/2023 18:10,0.6139260110
02/22/2023 18:20,0.6163239649
02/22/2023 18:30,0.6158926741
02/22/2023 18:40,0.6147777502
02/22/2023 18:50,0.6119507787
02/22/2023 19:00,0.6168864407
02/22/2023 19:10,0.6222459556
02/22/2023 19:20,0.6218626954
02/22/2023 19:30,0.6160045597
02/22/2023 19:40,0.6168320318
02/22/2023 19:50,0.6177649019
02/22/2023 20:00,0.6177649019
02/22/2023 20:10,0.6185930212
02/22/2023 20:20,0.6195564631
02/22/2023 20:30,0.6324294253
02/22/2023 20:40,0.6224901773
02/22/2023 20:50,0.6241149649
02/22/2023 21:00,0.6241149649
02/22/2023 21:10,0.6278254612
02/22/2023 21:20,0.6278254612
02/22/2023 21:30,0.6285610461
02/22/2023 21:40,0.6292576522
02/22/2023 21:50,0.6248157432
02/22/2023 22:00,0.6238885141
02/22/2023 22:10,0.6197000922
02/22/2023 22:20,0.6220427675
02/22/2023 22:30,0.6281802112
02/22/2023 22:40,0.6194693180
02/22/2023 22:50,0.6194693180
02/22/2023 23:00,0.6173853874
02/22/2023 23:10,0.5874361283
02/22/2023 23:20,0.5848202227
02/22/2023 23:30,0.5801325255
02/22/2023 23:40,0.5823343039
02/22/2023 23:50,0.5844187672
02/23/2023 00:00,0.5811753182
02/23/2023 00:10,0.5811753182
02/23/2023 00:20,0.5765093900
02/23/2023 00:30,0.5767991683
02/23/2023 00:40,0.5808227863
02/23/2023 00:50,0.5788157005
02/23/2023 01:00,0.5801388109
02/23/2023 01:10,0.5794664325
02/23/2023 01:20,0.5812902075
02/23/2023 01:30,0.5807024156
02/23/2023 01:40,0.5821378959
02/23/2023 01:50,0.5801931364
02/23/2023 02:00,0.5746269668
02/23/2023 02:10,0.5746269668
02/23/2023 02:20,0.5777607925
02/23/2023 02:30,0.5826074797
02/23/2023 02:40,0.5808911831
02/23/2023 02:50,0.5772230054
02/23/2023 03:00,0.5816771454
02/23/2023 03:10,0.5897279971
02/23/2023 03:20,0.5999078505
02/23/2023 03:30,0.5985560079
02/23/2023 03:40,0.6049510094
02/23/2023 03:50,0.5965075474
02/23/2023 04:00,0.6041158068
02/23/2023 04:10,0.6045183289
02/23/2023 04:20,0.6045183289
02/23/2023 04:30,0.6069936241
02/23/2023 04:40,0.6014435200
02/23/2023 04:50,0.6023143826
02/23/2023 05:00,0.6036876398
02/23/2023 05:10,0.6036876398
02/23/2023 05:20,0.6029130822
02/23/2023 05:30,0.6027207690
02/23/2023 05:40,0.6027207690
02/23/2023 05:50,0.6072451249
02/23/2023 06:00,0.6027160185
02/23/2023 06:10,0.6078505535
02/23/2023 06:20,0.6036817440
02/23/2023 06:30,0.6060777426
02/23/2023 06:40,0.6096593592
02/23/2023 06:50,0.6058006423
02/23/2023 07:00,0.6113828776
02/23/2023 07:10,0.6108036644
02/23/2023 07:20,0.6126233494
02/23/2023 07:30,0.6097482698
02/23/2023 07:40,0.6141186032
02/23/2023 07:50,0.6097103657
02/23/2023 08:00,0.6106209378
02/23/2023 08:10,0.6135918929
02/23/2023 08:20,0.6107827894
02/23/2023 08:30,0.6147580181
02/23/2023 08:40,0.6093998649
02/23/2023 08:50,0.6145008566
02/23/2023 09:00,0.6154617763
02/23/2023 09:10,0.6118486693
02/23/2023 09:20,0.6116805509
02/23/2023 09:30,0.6149729167
02/23/2023 09:40,0.6156225295
02/23/2023 09:50,0.6137897371
02/23/2023 10:00,0.6094244306
02/23/2023 10:10,0.6083036234
02/23/2023 10:20,0.6072755071
02/23/2023 10:30,0.6136195417
02/23/2023 10:40,0.6224228164
02/23/2023 10:50,0.6224228164
02/23/2023 11:00,0.6222485284
02/23/2023 11:10,0.6249893571
02/23/2023 11:20,0.6288789043
02/23/2023 11:30,0.6239051391
02/23/2023 11:40,0.6267592726
02/23/2023 11:50,0.6226355555
02/23/2023 12:00,0.6248051089
02/23/2023 12:10,0.6424252870
02/23/2023 12:20,0.6419014081
02/23/2023 12:30,0.6464735131
02/23/2023 12:40,0.6403059670
02/23/2023 12:50,0.6414513997
02/23/2023 13:00,0.6423148999
02/23/2023 13:10,0.6423964337
02/23/2023 13:20,0.6430442574
02/23/2023 13:30,0.6387076492
02/23/2023 13:40,0.6411843636
02/23/2023 13:50,0.6391299600
02/23/2023 14:00,0.6352742217
02/23/2023 14:10,0.6359506959
02/23/2023 14:20,0.6364504001
02/23/2023 14:30,0.6403999602
02/23/2023 14:40,0.6332629744
02/23/2023 14:50,0.6332629744
02/23/2023 15:00,0.6356555455
02/23/2023 15:10,0.6337179377
02/23/2023 15:20,0.6367929811
02/23/2023 15:30,0.6385801623
02/23/2023 15:40,0.6406140754
02/23/2023 15:50,0.6415599278
02/23/2023 16:00,0.6337803574
02/23/2023 16:10,0.6344219167
02/23/2023 16:20,0.6344219167
02/23/2023 16:30,0.6334348691
02/23/2023 16:40,0.6362441691
02/23/2023 16:50,0.6399222524
02/23/2023 17:00,0.6399222524
02/23/2023 17:10,0.6400186975
02/23/2023 17:20,0.6401136212
02/23/2023 17:30,0.6365545227
02/23/2023 17:40,0.6319355055
02/23/2023 17:50,0.6324424463
02/23/2023 18:00,0.6356533897
02/23/2023 18:10,0.6365156254
02/23/2023 18:20,0.6400485954
02/23/2023 18:30,0.6367760732
02/23/2023 18:40,0.6363980725
02/23/2023 18:50,0.6406491668
02/23/2023 19:00,0.6409597106
02/23/2023 19:10,0.6385655245
02/23/2023 19:20,0.6370909290
02/23/2023 19:30,0.6253543530
02/23/2023 19:40,0.6253543530
02/23/2023 19:50,0.6234437406
02/23/2023 20:00,0.6212646171
02/23/2023 20:10,0.6182581897
02/23/2023 20:20,0.6215433533
02/23/2023 20:30,0.6258833056
02/23/2023 20:40,0.6276864712
02/23/2023 20:50,0.6278756279
02/23/2023 21:00,0.6304016499
02/23/2023 21:10,0.6283290667
02/23/2023 21:20,0.6346199934
02/23/2023 21:30,0.6346199934
02/23/2023 21:40,0.6344760874
02/23/2023 21:50,0.6344352533
02/23/2023 22:00,0.6320609317
02/23/2023 22:10,0.6322529612
02/23/2023 22:20,0.6434578382
02/23/2023 22:30,0.6434578382
02/23/2023 22:40,0.6433093949
02/23/2023 22:50,0.6433453420
02/23/2023 23:00,0.6415826229
02/23/2023 23:10,0.6409408264
02/23/2023 23:20,0.6420988039
02/23/2023 23:30,0.6369375342
02/23/2023 23:40,0.6429990632
02/23/2023 23:50,0.6465384522
02/24/2023 00:00,0.6464346285
02/24/2023 00:10,0.6439500305
02/24/2023 00:20,0.6447185721
02/24/2023 00:30,0.6435673180
02/24/2023 00:40,0.6435071681
02/24/2023 00:50,0.6427180768
02/24/2023 01:00,0.6427180768
02/24/2023 01:10,0.6400577570
02/24/2023 01:20,0.6400577570
02/24/2023 01:30,0.6402664707
02/24/2023 01:40,0.6449133895
02/24/2023 01:50,0.6437916304
02/24/2023 02:00,0.6393027850
02/24/2023 02:10,0.6393027850
02/24/2023 02:20,0.6330830916
02/24/2023 02:30,0.6366137991
02/24/2023 02:40,0.6366137991
02/24/2023 02:50,0.6263322969
02/24/2023 03:00,0.6263322969
02/24/2023 03:10,0.6323861124
02/24/2023 03:20,0.6358670537
02/24/2023 03:30,0.6358670537
02/24/2023 03:40,0.6353529960
02/24/2023 03:50,0.6364120123
02/24/2023 04:00,0.6399002785
02/24/2023 04:10,0.6363010708
02/24/2023 04:20,0.6369444823
02/24/2023 04:30,0.6354575708
02/24/2023 04:40,0.6362956276
02/24/2023 04:50,0.6342328111
02/24/2023 05:00,0.6403804575
02/24/2023 05:10,0.6369778666
02/24/2023 05:20,0.6337150529
02/24/2023 05:30,0.6365302120
02/24/2023 05:40,0.6337595663
02/24/2023 05:50,0.6300282459
02/24/2023 06:00,0.6285952212
02/24/2023 06:10,0.6290492844
02/24/2023 06:20,0.6268494471
02/24/2023 06:30,0.6320432583
02/24/2023 06:40,0.6249782075
02/24/2023 06:50,0.6249782075
02/24/2023 07:00,0.6297671958
02/24/2023 07:10,0.6275521883
02/24/2023 07:20,0.6269645635
02/24/2023 07:30,0.6310010632
02/24/2023 07:40,0.6278468741
02/24/2023 07:50,0.6322625712
02/24/2023 08:00,0.6263582973
02/24/2023 08:10,0.6254951529
02/24/2023 08:20,0.6316618614
02/24/2023 08:30,0.6273238385
02/24/2023 08:40,0.6273660733
02/24/2023 08:50,0.6255482013
02/24/2023 09:00,0.6300177664
02/24/2023 09:10,0.6300177664
02/24/2023 09:20,0.6316065225
02/24/2023 09:30,0.6343365670
02/24/2023 09:40,0.6326990049
02/24/2023 09:50,0.6327773226
02/24/2023 10:00,0.6346074949
02/24/2023 10:10,0.6326593540
02/24/2023 10:20,0.6326593540
02/24/2023 10:30,0.6327986230
02/24/2023 10:40,0.6275316436
02/24/2023 10:50,0.6318287027
02/24/2023 11:00,0.6297007670
02/24/2023 11:10,0.6240305630
02/24/2023 11:20,0.6301919484
02/24/2023 11:30,0.6301919484
02/24/2023 11:40,0.6293438816
02/24/2023 11:50,0.6306498887
02/24/2023 12:00,0.6299846553
02/24/2023 12:10,0.6253917049
02/24/2023 12:20,0.6304222481
02/24/2023 12:30,0.6252116481
02/24/2023 12:40,0.6249214254
02/24/2023 12:50,0.6302331689
02/24/2023 13:00,0.6293823641
02/24/2023 13:10,0.6281283380
02/24/2023 13:20,0.6284280155
02/24/2023 13:30,0.6284003225
02/24/2023 13:40,0.6280580875
02/24/2023 13:50,0.6279278766
02/24/2023 14:00,0.6253128136
02/24/2023 14:10,0.6304957126
02/24/2023 14:20,0.6299460385
02/24/2023 14:30,0.6305740211
02/24/2023 14:40,0.6293582278
02/24/2023 14:50,0.6239332006
02/24/2023 15:00,0.6249214850
02/24/2023 15:10,0.6303358013
02/24/2023 15:20,0.6286127999
02/24/2023 15:30,0.6268456436
02/24/2023 15:40,0.6295405975
02/24/2023 15:50,0.6282683640
02/24/2023 16:00,0.6259346386
02/24/2023 16:10,0.6293216227
02/24/2023 16:20,0.6281120052
02/24/2023 16:30,0.6235810780
02/24/2023 16:40,0.6247759916
02/24/2023 16:50,0.6300179332
02/24/2023 17:00,0.6301949796
02/24/2023 17:10,0.6263724538
02/24/2023 17:20,0.6266643068
02/24/2023 17:30,0.6299116743
02/24/2023 17:40,0.6282637586
02/24/2023 17:50,0.6295280233
02/24/2023 18:00,0.6285156233
02/24/2023 18:10,0.6297791118
02/24/2023 18:20,0.6287078470
02/24/2023 18:30,0.6267511273
02/24/2023 18:40,0.6278605251
02/24/2023 18:50,0.6267289974
02/24/2023 19:00,0.6281103392
02/24/2023 19:10,0.6254609290
02/24/2023 19:20,0.6223638093
02/24/2023 19:30,0.6226845656
02/24/2023 19:40,0.6257626510
02/24/2023 19:50,0.6260970753
02/24/2023 20:00,0.6238767771
02/24/2023 20:10,0.6272612438
02/24/2023 20:20,0.6244734263
02/24/2023 20:30,0.6218708730
02/24/2023 20:40,0.6262765274
02/24/2023 20:50,0.6255299210
02/24/2023 21:00,0.6120508725
02/24/2023 21:10,0.6107933755
02/24/2023 21:20,0.6130625722
02/24/2023 21:30,0.6171690503
02/24/2023 21:40,0.6081128177
02/24/2023 21:50,0.6081128177
02/24/2023 22:00,0.6011997287
02/24/2023 22:10,0.5895730872
02/24/2023 22:20,0.5895730872
02/24/2023 22:30,0.5934501045
02/24/2023 22:40,0.5894101833
02/24/2023 22:50,0.5920754434
02/24/2023 23:00,0.5943919145
02/24/2023 23:10,0.5924997583
02/24/2023 23:20,0.5847880651
02/24/2023 23:30,0.5847880651
02/24/2023 23:40,0.5858636504
02/24/2023 23:50,0.5791673515
02/25/2023 00:00,0.5791673515
02/25/2023 00:10,0.5725500164
02/25/2023 00:20,0.5725500164
02/25/2023 00:30,0.5700261859
02/25/2023 00:40,0.5758716334
02/25/2023 00:50,0.5758716334
02/25/2023 01:00,0.5734222321
02/25/2023 01:10,0.5555397597
02/25/2023 01:20,0.5578566319
02/25/2023 01:30,0.5542105583
02/25/2023 01:40,0.5569099679
02/25/2023 01:50,0.5531630260
02/25/2023 02:00,0.5524003043
02/25/2023 02:10,0.5539225839
02/25/2023 02:20,0.5565225690
02/25/2023 02:30,0.5589098082
02/25/2023 02:40,0.5590492484
02/25/2023 02:50,0.5581683423
02/25/2023 03:00,0.5581683423
02/25/2023 03:10,0.5509669633
02/25/2023 03:20,0.5509669633
02/25/2023 03:30,0.5522328885
02/25/2023 03:40,0.5522328885
02/25/2023 03:50,0.5529915018
02/25/2023 04:00,0.5634106270
02/25/2023 04:10,0.5634106270
02/25/2023 04:20,0.5629919679
02/25/2023 04:30,0.5661605882
02/25/2023 04:40,0.5625711442
02/25/2023 04:50,0.5655100003
02/25/2023 05:00,0.5650122480
02/25/2023 05:10,0.5663134048
02/25/2023 05:20,0.5628753199
02/25/2023 05:30,0.5621097394
02/25/2023 05:40,0.5636298532
02/25/2023 05:50,0.5612346981
02/25/2023 06:00,0.5636320114
02/25/2023 06:10,0.5575172588
02/25/2023 06:20,0.5575172588
02/25/2023 06:30,0.5569497668
02/25/2023 06:40,0.5595584290
02/25/2023 06:50,0.5595827434
02/25/2023 07:00,0.5612570483
02/25/2023 07:10,0.5593788109
02/25/2023 07:20,0.5594653477
02/25/2023 07:30,0.5634583852
02/25/2023 07:40,0.5641224339
02/25/2023 07:50,0.5627563497
02/25/2023 08:00,0.5636148961
02/25/2023 08:10,0.5633796520
02/25/2023 08:20,0.5597374377
02/25/2023 08:30,0.5582822333
02/25/2023 08:40,0.5590010820
02/25/2023 08:50,0.5550482228
02/25/2023 09:00,0.5576378292
02/25/2023 09:10,0.5584965520
02/25/2023 09:20,0.5570026876
02/25/2023 09:30,0.5542173436
02/25/2023 09:40,0.5545210951
02/25/2023 09:50,0.5541979354
02/25/2023 10:00,0.5528594903
02/25/2023 10:10,0.5510239174
02/25/2023 10:20,0.5523050878
02/25/2023 10:30,0.5503755765
02/25/2023 10:40,0.5477420790
02/25/2023 10:50,0.5475892472
02/25/2023 11:00,0.5484827918
02/25/2023 11:10,0.5482984474
02/25/2023 11:20,0.5519789040
02/25/2023 11:30,0.5517657966
02/25/2023 11:40,0.5523904403
02/25/2023 11:50,0.5492780929
02/25/2023 12:00,0.5483068692
02/25/2023 12:10,0.5485861750
02/25/2023 12:20,0.5484538615
02/25/2023 12:30,0.5487380956
02/25/2023 12:40,0.5437655131
02/25/2023 12:50,0.5456376175
02/25/2023 13:00,0.5489444001
02/25/2023 13:10,0.5503190309
02/25/2023 13:20,0.5502996768
02/25/2023 13:30,0.5471702323
02/25/2023 13:40,0.5493769749
02/25/2023 13:50,0.5503974000
02/25/2023 14:00,0.5460489763
02/25/2023 14:10,0.5493552798
02/25/2023 14:20,0.5459204255
02/25/2023 14:30,0.5452645649
02/25/2023 14:40,0.5487552952
02/25/2023 14:50,0.5499355468
02/25/2023 15:00,0.5475218403
02/25/2023 15:10,0.5434652602
02/25/2023 15:20,0.5434652602
02/25/2023 15:30,0.5436945621
02/25/2023 15:40,0.5433475538
02/25/2023 15:50,0.5481653851
02/25/2023 16:00,0.5484382494
02/25/2023 16:10,0.5492830501
02/25/2023 16:20,0.5494055743
02/25/2023 16:30,0.5509961295
02/25/2023 16:40,0.5505706029
02/25/2023 16:50,0.5475724312
02/25/2023 17:00,0.5476444532
02/25/2023 17:10,0.5486939184
02/25/2023 17:20,0.5471349799
02/25/2023 17:30,0.5466803147
02/25/2023 17:40,0.5426478664
02/25/2023 17:50,0.5480908187
02/25/2023 18:00,0.5487551237
02/25/2023 18:10,0.5487068726
02/25/2023 18:20,0.5485378700
02/25/2023 18:30,0.5450250296
02/25/2023 18:40,0.5450250296
02/25/2023 18:50,0.5464900314
02/25/2023 19:00,0.5471873770
02/25/2023 19:10,0.5497709871
02/25/2023 19:20,0.5471290672
02/25/2023 19:30,0.5481642716
02/25/2023 19:40,0.5504607797
02/25/2023 19:50,0.5482382001
02/25/2023 20:00,0.5466418028
02/25/2023 20:10,0.5481567482
02/25/2023 20:20,0.5485779075
02/25/2023 20:30,0.5485772767
02/25/2023 20:40,0.5471059891
02/25/2023 20:50,0.5472607244
02/25/2023 21:00,0.5484486936
02/25/2023 21:10,0.5476883484
02/25/2023 21:20,0.5523614166
02/25/2023 21:30,0.5502310361
02/25/2023 21:40,0.5503620829
02/25/2023 21:50,0.5503484836
02/25/2023 22:00,0.5514839680
02/25/2023 22:10,0.5499688733
02/25/2023 22:20,0.5518984184
02/25/2023 22:30,0.5499379134
02/25/2023 22:40,0.5494540688
02/25/2023 22:50,0.5494221054
02/25/2023 23:00,0.5493557725
02/25/2023 23:10,0.5473823923
02/25/2023 23:20,0.5522142497
02/25/2023 23:30,0.5494752896
02/25/2023 23:40,0.5490483801
02/25/2023 23:50,0.5481757032
02/26/2023 00:00,0.5491368142
02/26/2023 00:10,0.5543057687
02/26/2023 00:20,0.5564137021
02/26/2023 00:30,0.5583528240
02/26/2023 00:40,0.5579398132
02/26/2023 00:50,0.5579398132
02/26/2023 01:00,0.5564817988
02/26/2023 01:10,0.5564817988
02/26/2023 01:20,0.5564848822
02/26/2023 01:30,0.5566488124
02/26/2023 01:40,0.5503370363
02/26/2023 01:50,0.5503370363
02/26/2023 02:00,0.5509917272
02/26/2023 02:10,0.5558320278
02/26/2023 02:20,0.5558320278
02/26/2023 02:30,0.5539359305
02/26/2023 02:40,0.5539359305
02/26/2023 02:50,0.5463563711
02/26/2023 03:00,0.5463563711
02/26/2023 03:10,0.5450901670
02/26/2023 03:20,0.5448614266
02/26/2023 03:30,0.5447382353
02/26/2023 03:40,0.5425359431
02/26/2023 03:50,0.5429842210
02/26/2023 04:00,0.5438470724
02/26/2023 04:10,0.5441770604
02/26/2023 04:20,0.5439927023
02/26/2023 04:30,0.5279226254
02/26/2023 04:40,0.5268360114
02/26/2023 04:50,0.5222434127
02/26/2023 05:00,0.5222434127
02/26/2023 05:10,0.5188244893
02/26/2023 05:20,0.5205846668
02/26/2023 05:30,0.5209716737
02/26/2023 05:40,0.5193793040
02/26/2023 05:50,0.5189539079
02/26/2023 06:00,0.5200576331
02/26/2023 06:10,0.5205735259
02/26/2023 06:20,0.5232187505
02/26/2023 06:30,0.5252879954
02/26/2023 06:40,0.5261834771
02/26/2023 06:50,0.5266115505
02/26/2023 07:00,0.5289191877
02/26/2023 07:10,0.5273926399
02/26/2023 07:20,0.5267584505
02/26/2023 07:30,0.5278710664
02/26/2023 07:40,0.5278710664
02/26/2023 07:50,0.5274804661
02/26/2023 08:00,0.5316686371
02/26/2023 08:10,0.5278102600
02/26/2023 08:20,0.5315500707
02/26/2023 08:30,0.5272053156
02/26/2023 08:40,0.5275094581
02/26/2023 08:50,0.5270960035
02/26/2023 09:00,0.5308809477
02/26/2023 09:10,0.5266194844
02/26/2023 09:20,0.5314054755
02/26/2023 09:30,0.5311827674
02/26/2023 09:40,0.5323398175
02/26/2023 09:50,0.5316301174
02/26/2023 10:00,0.5309334170
02/26/2023 10:10,0.5308732260
02/26/2023 10:20,0.5301903381
02/26/2023 10:30,0.5305550601
02/26/2023 10:40,0.5318269966
02/26/2023 10:50,0.5338172648
02/26/2023 11:00,0.5342404859
02/26/2023 11:10,0.5299220158
02/26/2023 11:20,0.5354875900
02/26/2023 11:30,0.5354875900
02/26/2023 11:40,0.5353282282
02/26/2023 11:50,0.5356323575
02/26/2023 12:00,0.5357043124
02/26/2023 12:10,0.5373513830
02/26/2023 12:20,0.5351802626
02/26/2023 12:30,0.5397242635
02/26/2023 12:40,0.5397242635
02/26/2023 12:50,0.5391088649
02/26/2023 13:00,0.5402699696
02/26/2023 13:10,0.5407618216
02/26/2023 13:20,0.5407490485
02/26/2023 13:30,0.5427765810
02/26/2023 13:40,0.5405956255
02/26/2023 13:50,0.5405599870
02/26/2023 14:00,0.5403958866
02/26/2023 14:10,0.5400932991
02/26/2023 14:20,0.5399371002
02/26/2023 14:30,0.5394163591
02/26/2023 14:40,0.5428682133
02/26/2023 14:50,0.5438309283
02/26/2023 15:00,0.5556598737
02/26/2023 15:10,0.5570697249
02/26/2023 15:20,0.5549176624
02/26/2023 15:30,0.5540912774
02/26/2023 15:40,0.5556657992
02/26/2023 15:50,0.5559399265
02/26/2023 16:00,0.5605764168
02/26/2023 16:10,0.5614051679
02/26/2023 16:20,0.5597605326
02/26/2023 16:30,0.5597605326
02/26/2023 16:40,0.5596383267
02/26/2023 16:50,0.5601710693
02/26/2023 17:00,0.5610633287
02/26/2023 17:10,0.5610633287
02/26/2023 17:20,0.5623120122
02/26/2023 17:30,0.5629220052
02/26/2023 17:40,0.5634049756
02/26/2023 17:50,0.5656723918
02/26/2023 18:00,0.5678963257
02/26/2023 18:10,0.5678963257
02/26/2023 18:20,0.5730320741
02/26/2023 18:30,0.5679259886
02/26/2023 18:40,0.5675903030
02/26/2023 18:50,0.5724139535
02/26/2023 19:00,0.5728831568
02/26/2023 19:10,0.5689811506
02/26/2023 19:20,0.5712120022
02/26/2023 19:30,0.5674468174
02/26/2023 19:40,0.5676167568
02/26/2023 19:50,0.5688242335
02/26/2023 20:00,0.5722757999
02/26/2023 20:10,0.5698853518
02/26/2023 20:20,0.5761818283
02/26/2023 20:30,0.5761818283
02/26/2023 20:40,0.5786843716
02/26/2023 20:50,0.5750731482
02/26/2023 21:00,0.5777083144
02/26/2023 21:10,0.5837971293
02/26/2023 21:20,0.5837971293
02/26/2023 21:30,0.5848155584
02/26/2023 21:40,0.5850926578
02/26/2023 21:50,0.5870201048
02/26/2023 22:00,0.5870201048
02/26/2023 22:10,0.5875546325
02/26/2023 22:20,0.5927948797
02/26/2023 22:30,0.5929024296
02/26/2023 22:40,0.5895013579
02/26/2023 22:50,0.5896318697
02/26/2023 23:00,0.5884205629
02/26/2023 23:10,0.5892448086
02/26/2023 23:20,0.5955724517
02/26/2023 23:30,0.5955724517
02/26/2023 23:40,0.5991160932
02/26/2023 23:50,0.6008067979
02/27/2023 00:00,0.6010379676
02/27/2023 00:10,0.5955003500
02/27/2023 00:20,0.5951025894
02/27/2023 00:30,0.5970135073
02/27/2023 00:40,0.5984561729
02/27/2023 00:50,0.5949925125
02/27/2023 01:00,0.5997984040
02/27/2023 01:10,0.5994251246
02/27/2023 01:20,0.6014382979
02/27/2023 01:30,0.6044871466
02/27/2023 01:40,0.5953471229
02/27/2023 01:50,0.6063321637
02/27/2023 02:00,0.6048157964
02/27/2023 02:10,0.6048157964
02/27/2023 02:20,0.6020311312
02/27/2023 02:30,0.5986626428
02/27/2023 02:40,0.5997219323
02/27/2023 02:50,0.6095304164
02/27/2023 03:00,0.6095304164
02/27/2023 03:10,0.6044234777
02/27/2023 03:20,0.6066123430
02/27/2023 03:30,0.6074426668
02/27/2023 03:40,0.6027978502
02/27/2023 03:50,0.6078949952
02/27/2023 04:00,0.6069096885
02/27/2023 04:10,0.6044772526
02/27/2023 04:20,0.6039735730
02/27/2023 04:30,0.6090099370
02/27/2023 04:40,0.6081935258
02/27/2023 04:50,0.6087429748
02/27/2023 05:00,0.6106568401
02/27/2023 05:10,0.6125591929
02/27/2023 05:20,0.6106363881
02/27/2023 05:30,0.6156402700
02/27/2023 05:40,0.6142809548
02/27/2023 05:50,0.6135488795
02/27/2023 06:00,0.6135134229
02/27/2023 06:10,0.6131132334
02/27/2023 06:20,0.6115015917
02/27/2023 06:30,0.6128494784
02/27/2023 06:40,0.6086283259
02/27/2023 06:50,0.6075630926
02/27/2023 07:00,0.6098200565
02/27/2023 07:10,0.6099157080
02/27/2023 07:20,0.6099157080
02/27/2023 07:30,0.6106283625
02/27/2023 07:40,0.6106283625
02/27/2023 07:50,0.6106470018
02/27/2023 08:00,0.6106470018
02/27/2023 08:10,0.6102850131
02/27/2023 08:20,0.6103529128
02/27/2023 08:30,0.6097188191
02/27/2023 08:40,0.6101817934
02/27/2023 08:50,0.6088856512
02/27/2023 09:00,0.6091084401
02/27/2023 09:10,0.6044795242
02/27/2023 09:20,0.6057471881
02/27/2023 09:30,0.6049375760
02/27/2023 09:40,0.6070927836
02/27/2023 09:50,0.6061225263
02/27/2023 10:00,0.6089864811
02/27/2023 10:10,0.6092023297
02/27/2023 10:20,0.6095054530
02/27/2023 10:30,0.6088990235
02/27/2023 10:40,0.6071758927
02/27/2023 10:50,0.6095609232
02/27/2023 11:00,0.6071338967
02/27/2023 11:10,0.6082517247
02/27/2023 11:20,0.6091639343
02/27/2023 11:30,0.6081847418
02/27/2023 11:40,0.6080223332
02/27/2023 11:50,0.6072134114
02/27/2023 12:00,0.6083596926
02/27/2023 12:10,0.6082025508
02/27/2023 12:20,0.6075179812
02/27/2023 12:30,0.6074259439
02/27/2023 12:40,0.6069393444
02/27/2023 12:50,0.6069761907
02/27/2023 13:00,0.6066053715
02/27/2023 13:10,0.6064096573
02/27/2023 13:20,0.6065580566
02/27/2023 13:30,0.6054038126
02/27/2023 13:40,0.6053265301
02/27/2023 13:50,0.6073056828
02/27/2023 14:00,0.6046462045
02/27/2023 14:10,0.6045071854
02/27/2023 14:20,0.6052666796
02/27/2023 14:30,0.6054846143
02/27/2023 14:40,0.6051666821
02/27/2023 14:50,0.5834011677
02/27/2023 15:00,0.5872696819
02/27/2023 15:10,0.5853016986
02/27/2023 15:20,0.5831478883
02/27/2023 15:30,0.5866876970
02/27/2023 15:40,0.5873280059
02/27/2023 15:50,0.5831504876
02/27/2023 16:00,0.5868496468
02/27/2023 16:10,0.5869506077
02/27/2023 16:20,0.5823185386
02/27/2023 16:30,0.5818538117
02/27/2023 16:40,0.5861354046
02/27/2023 16:50,0.5853181955
02/27/2023 17:00,0.5830635614
02/27/2023 17:10,0.5849207404
02/27/2023 17:20,0.5839111745
02/27/2023 17:30,0.5853677353
02/27/2023 17:40,0.5853677353
02/27/2023 17:50,0.5849621762
02/27/2023 18:00,0.5844235122
02/27/2023 18:10,0.5869682061
02/27/2023 18:20,0.5820503095
02/27/2023 18:30,0.5844687124
02/27/2023 18:40,0.5819730164
02/27/2023 18:50,0.5841489119
02/27/2023 19:00,0.5827413519
02/27/2023 19:10,0.5860346681
02/27/2023 19:20,0.5825312122
02/27/2023 19:30,0.5862755336
02/27/2023 19:40,0.5861497133
02/27/2023 19:50,0.5873939720
02/27/2023 20:00,0.5872885210
02/27/2023 20:10,0.5922762163
02/27/2023 20:20,0.5935536886
02/27/2023 20:30,0.5868919228
02/27/2023 20:40,0.5868919228
02/27/2023 20:50,0.5924614024
02/27/2023 21:00,0.5866442186
02/27/2023 21:10,0.5889593900
02/27/2023 21:20,0.5941778488
02/27/2023 21:30,0.5903226703
02/27/2023 21:40,0.5931201683
02/27/2023 21:50,0.5921777967
02/27/2023 22:00,0.5938803037
02/27/2023 22:10,0.5933821434
02/27/2023 22:20,0.5979206211
02/27/2023 22:30,0.5979206211
02/27/2023 22:40,0.5973272691
02/27/2023 22:50,0.5924949847
02/27/2023 23:00,0.5932836603
02/27/2023 23:10,0.5991375885
02/27/2023 23:20,0.5993877837
02/27/2023 23:30,0.5980629669
02/27/2023 23:40,0.5952635927
02/27/2023 23:50,0.5952635927
02/28/2023 00:00,0.5933747938
02/28/2023 00:10,0.5899038291
02/28/2023 00:20,0.5943076311
02/28/2023 00:30,0.5940824349
02/28/2023 00:40,0.5895648366
02/28/2023 00:50,0.5913926300
02/28/2023 01:00,0.5914572431
02/28/2023 01:10,0.5899922902
02/28/2023 01:20,0.5907225109
02/28/2023 01:30,0.5934194685
02/28/2023 01:40,0.5964307320
02/28/2023 01:50,0.5948459295
02/28/2023 02:00,0.5941718208
02/28/2023 02:10,0.5902973564
02/28/2023 02:20,0.5898382603
02/28/2023 02:30,0.5785827915
02/28/2023 02:40,0.5678046672
02/28/2023 02:50,0.5678046672
02/28/2023 03:00,0.5671257273
02/28/2023 03:10,0.5677073971
02/28/2023 03:20,0.5681982868
02/28/2023 03:30,0.5704345996
02/28/2023 03:40,0.5726646236
02/28/2023 03:50,0.5722109753
02/28/2023 04:00,0.5728496689
02/28/2023 04:10,0.5693246481
02/28/2023 04:20,0.5694400092
02/28/2023 04:30,0.5697344948
02/28/2023 04:40,0.5702295510
02/28/2023 04:50,0.5715230687
02/28/2023 05:00,0.5701213462
02/28/2023 05:10,0.5692198746
02/28/2023 05:20,0.5735421456
02/28/2023 05:30,0.5762452781
02/28/2023 05:40,0.5766522572
02/28/2023 05:50,0.5725802108
02/28/2023 06:00,0.5725802108
02/28/2023 06:10,0.5728529419
02/28/2023 06:20,0.5728529419
02/28/2023 06:30,0.5733396676
02/28/2023 06:40,0.5739400668
02/28/2023 06:50,0.5725352304
02/28/2023 07:00,0.5735207320
02/28/2023 07:10,0.5740480718
02/28/2023 07:20,0.5746935439
02/28/2023 07:30,0.5733421480
02/28/2023 07:40,0.5752043731
02/28/2023 07:50,0.5751432245
02/28/2023 08:00,0.5741056217
02/28/2023 08:10,0.5738586393
02/28/2023 08:20,0.5742309411
02/28/2023 08:30,0.5791753029
02/28/2023 08:40,0.5794222084
02/28/2023 08:50,0.5784475404
02/28/2023 09:00,0.5791006155
02/28/2023 09:10,0.5751830618
02/28/2023 09:20,0.5775800380
02/28/2023 09:30,0.5754723292
02/28/2023 09:40,0.5753867763
02/28/2023 09:50,0.5790708655
02/28/2023 10:00,0.5761866881
02/28/2023 10:10,0.5763625167
02/28/2023 10:20,0.5763729335
02/28/2023 10:30,0.5782451895
02/28/2023 10:40,0.5802020756
02/28/2023 10:50,0.5807544870
02/28/2023 11:00,0.5724956544
02/28/2023 11:10,0.5724956544
02/28/2023 11:20,0.5707148433
02/28/2023 11:30,0.5708370278
02/28/2023 11:40,0.5691808544
02/28/2023 11:50,0.5698240512
02/28/2023 12:00,0.5720589312
02/28/2023 12:10,0.5721565841
02/28/2023 12:20,0.5705919826
02/28/2023 12:30,0.5709422036
02/28/2023 12:40,0.5707387064
02/28/2023 12:50,0.5516258270
02/28/2023 13:00,0.5548416090
02/28/2023 13:10,0.5548947153
02/28/2023 13:20,0.5552660935
02/28/2023 13:30,0.5550529812
02/28/2023 13:40,0.5547108406
02/28/2023 13:50,0.5552988861
02/28/2023 14:00,0.5549745147
02/28/2023 14:10,0.5553077467
02/28/2023 14:20,0.5553077467
02/28/2023 14:30,0.5552142678
02/28/2023 14:40,0.5553337427
02/28/2023 14:50,0.5553506478
02/28/2023 15:00,0.5541489576
02/28/2023 15:10,0.5552241419
02/28/2023 15:20,0.5552954174
02/28/2023 15:30,0.5582532182
02/28/2023 15:40,0.5582532182
02/28/2023 15:50,0.5634390918
02/28/2023 16:00,0.5630743262
02/28/2023 16:10,0.5778395697
02/28/2023 16:20,0.5769310959
02/28/2023 16:30,0.5801930367
02/28/2023 16:40,0.5794038414
02/28/2023 16:50,0.5794277429
02/28/2023 17:00,0.5763104273
02/28/2023 17:10,0.5768688423
02/28/2023 17:20,0.5803131222
02/28/2023 17:30,0.5798076994
02/28/2023 17:40,0.5784540848
02/28/2023 17:50,0.5811086882
02/28/2023 18:00,0.5824283612
